DROP DATABASE IF EXISTS `agrihire`;
CREATE DATABASE  IF NOT EXISTS `agrihire` /*!40100 DEFAULT CHARACTER SET utf8mb4 COLLATE utf8mb4_0900_ai_ci */ /*!80016 DEFAULT ENCRYPTION='N' */;
USE `agrihire`;
-- MySQL dump 10.13  Distrib 8.0.36, for Win64 (x86_64)
--
-- Host: localhost    Database: agrihire
-- ------------------------------------------------------
-- Server version	8.0.36

/*!40101 SET @OLD_CHARACTER_SET_CLIENT=@@CHARACTER_SET_CLIENT */;
/*!40101 SET @OLD_CHARACTER_SET_RESULTS=@@CHARACTER_SET_RESULTS */;
/*!40101 SET @OLD_COLLATION_CONNECTION=@@COLLATION_CONNECTION */;
/*!50503 SET NAMES utf8 */;
/*!40103 SET @OLD_TIME_ZONE=@@TIME_ZONE */;
/*!40103 SET TIME_ZONE='+00:00' */;
/*!40014 SET @OLD_UNIQUE_CHECKS=@@UNIQUE_CHECKS, UNIQUE_CHECKS=0 */;
/*!40014 SET @OLD_FOREIGN_KEY_CHECKS=@@FOREIGN_KEY_CHECKS, FOREIGN_KEY_CHECKS=0 */;
/*!40101 SET @OLD_SQL_MODE=@@SQL_MODE, SQL_MODE='NO_AUTO_VALUE_ON_ZERO' */;
/*!40111 SET @OLD_SQL_NOTES=@@SQL_NOTES, SQL_NOTES=0 */;

--
-- Table structure for table `booking`
--

DROP TABLE IF EXISTS `booking`;
/*!40101 SET @saved_cs_client     = @@character_set_client */;
/*!50503 SET character_set_client = utf8mb4 */;
CREATE TABLE `booking` (
  `booking_id` int NOT NULL AUTO_INCREMENT,
  `customer_id` int NOT NULL,
  `store_id` int NOT NULL,
  `create_date` datetime NOT NULL,
  `total` decimal(10,2) DEFAULT NULL,
  `note` varchar(255) DEFAULT NULL,
  `status` tinyint NOT NULL DEFAULT 1,
  PRIMARY KEY (`booking_id`),
  KEY `customer_id` (`customer_id`),
  KEY `booking_ibfk_2_idx` (`store_id`),
  CONSTRAINT `booking_ibfk_1` FOREIGN KEY (`customer_id`) REFERENCES `customer` (`customer_id`) ON DELETE RESTRICT ON UPDATE CASCADE,
  CONSTRAINT `booking_ibfk_2` FOREIGN KEY (`store_id`) REFERENCES `store` (`store_id`) ON DELETE RESTRICT ON UPDATE CASCADE
) ENGINE=InnoDB AUTO_INCREMENT=1125 DEFAULT CHARSET=utf8mb4 COLLATE=utf8mb4_0900_ai_ci;
/*!40101 SET character_set_client = @saved_cs_client */;

--
-- Dumping data for table `booking`
--

LOCK TABLES `booking` WRITE;
/*!40000 ALTER TABLE `booking` DISABLE KEYS */;
INSERT INTO `booking` VALUES (1001,1,1,'2024-03-01 09:10:00',180.00,NULL,1),(1002,2,11,'2024-03-02 09:10:00',180.00,NULL,1),(1003,3,11,'2024-03-03 09:10:00',180.00,NULL,1),(1004,4,1,'2024-03-04 09:10:00',180.00,NULL,1),(1005,5,13,'2024-03-05 09:10:00',180.00,NULL,1),(1006,1,1,'2024-03-06 09:10:00',180.00,NULL,1),(1007,1,11,'2024-03-07 09:10:00',180.00,NULL,1),(1008,2,11,'2024-03-08 09:10:00',180.00,NULL,1),(1009,3,1,'2024-03-09 09:10:00',180.00,NULL,1),(1010,4,13,'2024-03-10 09:10:00',180.00,NULL,1),(1011,5,1,'2024-03-11 09:10:00',180.00,NULL,1),(1012,1,11,'2024-03-12 09:10:00',180.00,NULL,1),(1013,2,11,'2024-03-13 09:10:00',25.00,NULL,1),(1014,3,1,'2024-03-14 09:10:00',25.00,NULL,1),(1015,4,13,'2024-03-15 09:10:00',180.00,NULL,1),(1016,5,1,'2024-03-16 09:10:00',25.00,NULL,1),(1017,1,11,'2024-03-17 09:10:00',25.00,NULL,1),(1018,1,11,'2024-03-18 09:10:00',25.00,NULL,1),(1019,2,1,'2024-03-19 09:10:00',25.00,NULL,1),(1020,3,13,'2024-03-20 09:10:00',180.00,NULL,1),(1021,4,1,'2024-03-21 09:10:00',25.00,NULL,1),(1022,5,11,'2024-03-22 09:10:00',25.00,NULL,1),(1023,1,11,'2024-03-23 09:10:00',25.00,NULL,1),(1024,2,1,'2024-03-24 09:10:00',25.00,NULL,1),(1025,3,13,'2024-03-25 09:10:00',180.00,NULL,1),(1026,4,1,'2024-03-26 09:10:00',30.00,NULL,1),(1027,5,11,'2024-03-27 09:10:00',30.00,NULL,1),(1028,1,11,'2024-03-28 09:10:00',30.00,NULL,1),(1029,1,1,'2024-03-29 09:10:00',30.00,NULL,1),(1030,2,13,'2024-03-30 09:10:00',25.00,NULL,1),(1031,3,1,'2024-03-31 09:10:00',30.00,NULL,1),(1032,4,11,'2024-04-01 09:10:00',30.00,NULL,1),(1033,5,11,'2024-04-02 09:10:00',30.00,NULL,1),(1034,1,1,'2024-04-03 09:10:00',30.00,NULL,1),(1035,2,13,'2024-04-04 09:10:00',25.00,NULL,1),(1036,3,1,'2024-04-05 09:10:00',30.00,NULL,1),(1037,4,11,'2024-04-06 09:10:00',30.00,NULL,1),(1038,5,11,'2024-04-07 09:10:00',18.00,NULL,1),(1039,1,1,'2024-04-08 09:10:00',18.00,NULL,1),(1040,1,13,'2024-04-09 09:10:00',25.00,NULL,1),(1041,2,1,'2024-04-10 09:10:00',18.00,NULL,1),(1042,3,11,'2024-04-11 09:10:00',18.00,NULL,1),(1043,4,11,'2024-04-12 09:10:00',18.00,NULL,1),(1044,5,1,'2024-04-13 09:10:00',18.00,NULL,1),(1045,1,13,'2024-04-14 09:10:00',25.00,NULL,1),(1046,2,1,'2024-04-15 09:10:00',18.00,NULL,1),(1047,3,11,'2024-04-16 09:10:00',18.00,NULL,1),(1048,4,11,'2024-04-17 09:10:00',18.00,NULL,1),(1049,5,1,'2024-04-18 09:10:00',18.00,NULL,1),(1050,1,13,'2024-04-19 09:10:00',25.00,NULL,1),(1051,1,1,'2024-04-20 09:10:00',18.00,NULL,1),(1052,2,11,'2024-04-21 09:10:00',18.00,NULL,1),(1053,3,11,'2024-04-22 09:10:00',18.00,NULL,1),(1054,4,1,'2024-04-23 09:10:00',18.00,NULL,1),(1055,5,13,'2024-04-24 09:10:00',30.00,NULL,1),(1056,1,1,'2024-04-25 09:10:00',18.00,NULL,1),(1057,2,11,'2024-04-26 09:10:00',18.00,NULL,1),(1058,3,11,'2024-04-27 09:10:00',18.00,NULL,1),(1059,4,1,'2024-04-28 09:10:00',18.00,NULL,1),(1060,5,13,'2024-04-29 09:10:00',30.00,NULL,1),(1061,1,1,'2024-04-30 09:10:00',18.00,NULL,1),(1062,1,11,'2024-05-01 09:10:00',18.00,NULL,1),(1063,2,11,'2024-05-02 09:10:00',20.00,NULL,1),(1064,3,1,'2024-05-03 09:10:00',20.00,NULL,1),(1065,4,13,'2024-05-04 09:10:00',30.00,NULL,1),(1066,5,1,'2024-05-05 09:10:00',20.00,NULL,1),(1067,1,11,'2024-05-06 09:10:00',20.00,NULL,1),(1068,2,11,'2024-05-07 09:10:00',20.00,NULL,1),(1069,3,1,'2024-05-08 09:10:00',20.00,NULL,1),(1070,4,13,'2024-05-09 09:10:00',30.00,NULL,1),(1071,5,1,'2024-05-10 09:10:00',20.00,NULL,1),(1072,1,11,'2024-05-11 09:10:00',20.00,NULL,1),(1073,1,11,'2024-05-12 09:10:00',20.00,NULL,1),(1074,2,1,'2024-05-13 09:10:00',20.00,NULL,1),(1075,3,13,'2024-05-14 09:10:00',30.00,NULL,1),(1076,4,1,'2024-05-15 09:10:00',500.00,NULL,1),(1077,5,11,'2024-05-16 09:10:00',500.00,NULL,1),(1078,1,11,'2024-05-17 09:10:00',500.00,NULL,1),(1079,2,1,'2024-05-18 09:10:00',500.00,NULL,1),(1080,3,13,'2024-05-19 09:10:00',18.00,NULL,1),(1081,4,1,'2024-05-20 09:10:00',500.00,NULL,1),(1082,5,11,'2024-05-21 09:10:00',500.00,NULL,1),(1083,1,11,'2024-05-22 09:10:00',500.00,NULL,1),(1084,1,1,'2024-05-23 09:10:00',500.00,NULL,1),(1085,2,13,'2024-05-24 09:10:00',18.00,NULL,1),(1086,3,1,'2024-05-25 09:10:00',500.00,NULL,1),(1087,4,11,'2024-05-26 09:10:00',500.00,NULL,1),(1088,5,11,'2024-05-27 09:10:00',90.00,NULL,1),(1089,1,1,'2024-05-28 09:10:00',90.00,NULL,1),(1090,2,13,'2024-05-29 09:10:00',18.00,NULL,1),(1091,3,1,'2024-05-30 09:10:00',90.00,NULL,1),(1092,4,11,'2024-05-31 09:10:00',90.00,NULL,1),(1093,5,11,'2024-06-01 09:10:00',90.00,NULL,1),(1094,1,1,'2024-06-02 09:10:00',90.00,NULL,1),(1095,1,13,'2024-06-03 09:10:00',18.00,NULL,1),(1096,2,1,'2024-06-04 09:10:00',90.00,NULL,1),(1097,3,11,'2024-06-05 09:10:00',90.00,NULL,1),(1098,4,11,'2024-06-06 09:10:00',90.00,NULL,1),(1099,5,1,'2024-06-07 09:10:00',90.00,NULL,1),(1100,1,13,'2024-06-08 09:10:00',18.00,NULL,1),(1101,2,1,'2024-06-09 09:10:00',100.00,NULL,1),(1102,3,11,'2024-06-10 09:10:00',100.00,NULL,1),(1103,4,11,'2024-06-11 09:10:00',100.00,NULL,1),(1104,5,1,'2024-06-12 09:10:00',100.00,NULL,1),(1105,1,13,'2024-06-13 09:10:00',18.00,NULL,1),(1106,1,1,'2024-06-14 09:10:00',100.00,NULL,1),(1107,2,11,'2024-05-15 09:10:00',100.00,NULL,1),(1108,3,11,'2024-05-16 09:10:00',100.00,NULL,1),(1109,4,1,'2024-05-17 09:10:00',100.00,NULL,1),(1110,5,13,'2024-05-18 09:10:00',18.00,NULL,1),(1111,1,1,'2024-05-19 09:10:00',100.00,NULL,1),(1112,2,11,'2024-05-20 09:10:00',100.00,NULL,1),(1113,3,11,'2024-05-21 09:10:00',30.00,NULL,1),(1114,4,1,'2024-05-22 09:10:00',30.00,NULL,1),(1115,5,13,'2024-05-23 09:10:00',18.00,NULL,1),(1116,1,1,'2024-05-24 09:10:00',30.00,NULL,1),(1117,1,11,'2024-05-25 09:10:00',30.00,NULL,1),(1118,2,11,'2024-05-26 09:10:00',30.00,NULL,1),(1119,3,1,'2024-05-27 09:10:00',30.00,NULL,1),(1120,4,13,'2024-05-28 09:10:00',18.00,NULL,1),(1121,5,1,'2024-05-29 09:10:00',30.00,NULL,1),(1122,1,11,'2024-05-30 09:10:00',30.00,NULL,1);
/*!40000 ALTER TABLE `booking` ENABLE KEYS */;
UNLOCK TABLES;

--
-- Table structure for table `booking_item`
--

DROP TABLE IF EXISTS `booking_item`;
/*!40101 SET @saved_cs_client     = @@character_set_client */;
/*!50503 SET character_set_client = utf8mb4 */;
CREATE TABLE `booking_item` (
  `booking_item_id` int NOT NULL AUTO_INCREMENT,
  `booking_id` int NOT NULL,
  `machine_id` int NOT NULL,
  `line_num` int NOT NULL,
  `hire_rate` decimal(10,2) NOT NULL,
  `hire_from` datetime NOT NULL,
  `hire_to` datetime NOT NULL,
  `status` tinyint NOT NULL DEFAULT 1,
  PRIMARY KEY (`booking_item_id`),
  KEY `booking_id` (`booking_id`),
  KEY `machine_id` (`machine_id`),
  KEY `booking_date_range` (`hire_from` DESC,`hire_to` DESC),
  CONSTRAINT `booking_item_ibfk_1` FOREIGN KEY (`booking_id`) REFERENCES `booking` (`booking_id`) ON DELETE CASCADE ON UPDATE CASCADE,
  CONSTRAINT `booking_item_ibfk_2` FOREIGN KEY (`machine_id`) REFERENCES `machine` (`machine_id`) ON DELETE CASCADE ON UPDATE CASCADE
) ENGINE=InnoDB AUTO_INCREMENT=100231 DEFAULT CHARSET=utf8mb4 COLLATE=utf8mb4_0900_ai_ci;
/*!40101 SET character_set_client = @saved_cs_client */;

--
-- Dumping data for table `booking_item`
--

LOCK TABLES `booking_item` WRITE;
/*!40000 ALTER TABLE `booking_item` DISABLE KEYS */;
INSERT INTO `booking_item` VALUES (100101,1001,1000,1,180.00,'2024-03-02 09:10:00','2024-03-03 09:10:00',1),(100102,1002,1001,1,180.00,'2024-03-03 09:10:00','2024-03-04 09:10:00',11),(100103,1003,1004,1,180.00,'2024-03-04 09:10:00','2024-03-05 09:10:00',11),(100104,1004,1003,1,180.00,'2024-03-05 09:10:00','2024-03-06 09:10:00',1),(100105,1005,1002,1,180.00,'2024-03-06 09:10:00','2024-03-07 09:10:00',13),(100106,1006,1006,1,180.00,'2024-03-07 09:10:00','2024-03-08 09:10:00',1),(100107,1007,1007,1,180.00,'2024-03-08 09:10:00','2024-03-09 09:10:00',11),(100108,1008,1010,1,180.00,'2024-03-09 09:10:00','2024-03-10 09:10:00',11),(100109,1009,1009,1,180.00,'2024-03-10 09:10:00','2024-03-11 09:10:00',1),(100110,1010,1005,1,180.00,'2024-03-11 09:10:00','2024-03-12 09:10:00',13),(100111,1011,1012,1,180.00,'2024-03-12 09:10:00','2024-03-13 09:10:00',1),(100112,1012,1013,1,180.00,'2024-03-13 09:10:00','2024-03-14 09:10:00',11),(100113,1013,1016,1,25.00,'2024-03-14 09:10:00','2024-03-15 09:10:00',11),(100114,1014,1015,1,25.00,'2024-03-15 09:10:00','2024-03-16 09:10:00',1),(100115,1015,1008,1,180.00,'2024-03-16 09:10:00','2024-03-17 09:10:00',13),(100116,1016,1018,1,25.00,'2024-03-17 09:10:00','2024-03-18 09:10:00',1),(100117,1017,1019,1,25.00,'2024-03-18 09:10:00','2024-03-19 09:10:00',11),(100118,1018,1022,1,25.00,'2024-03-19 09:10:00','2024-03-20 09:10:00',11),(100119,1019,1021,1,25.00,'2024-03-20 09:10:00','2024-03-21 09:10:00',1),(100120,1020,1011,1,180.00,'2024-03-21 09:10:00','2024-03-22 09:10:00',13),(100121,1021,1024,1,25.00,'2024-03-22 09:10:00','2024-03-23 09:10:00',1),(100122,1022,1025,1,25.00,'2024-03-23 09:10:00','2024-03-24 09:10:00',11),(100123,1023,1028,1,25.00,'2024-03-24 09:10:00','2024-03-25 09:10:00',11),(100124,1024,1027,1,25.00,'2024-03-25 09:10:00','2024-03-26 09:10:00',1),(100125,1025,1014,1,180.00,'2024-03-26 09:10:00','2024-03-27 09:10:00',13),(100126,1026,1030,1,30.00,'2024-03-27 09:10:00','2024-03-28 09:10:00',1),(100127,1027,1031,1,30.00,'2024-03-28 09:10:00','2024-03-29 09:10:00',11),(100128,1028,1034,1,30.00,'2024-03-29 09:10:00','2024-03-30 09:10:00',11),(100129,1029,1033,1,30.00,'2024-03-30 09:10:00','2024-03-31 09:10:00',1),(100130,1030,1017,1,25.00,'2024-03-31 09:10:00','2024-04-01 09:10:00',13),(100131,1031,1036,1,30.00,'2024-04-01 09:10:00','2024-04-02 09:10:00',1),(100132,1032,1037,1,30.00,'2024-04-02 09:10:00','2024-04-03 09:10:00',11),(100133,1033,1040,1,30.00,'2024-04-03 09:10:00','2024-04-04 09:10:00',11),(100134,1034,1039,1,30.00,'2024-04-04 09:10:00','2024-04-05 09:10:00',1),(100135,1035,1020,1,25.00,'2024-04-05 09:10:00','2024-04-06 09:10:00',13),(100136,1036,1042,1,30.00,'2024-04-06 09:10:00','2024-04-07 09:10:00',1),(100137,1037,1043,1,30.00,'2024-04-07 09:10:00','2024-04-08 09:10:00',11),(100138,1038,1046,1,18.00,'2024-04-08 09:10:00','2024-04-09 09:10:00',11),(100139,1039,1045,1,18.00,'2024-04-09 09:10:00','2024-04-10 09:10:00',1),(100140,1040,1023,1,25.00,'2024-04-10 09:10:00','2024-04-11 09:10:00',13),(100141,1041,1048,1,18.00,'2024-04-11 09:10:00','2024-04-12 09:10:00',1),(100142,1042,1049,1,18.00,'2024-04-12 09:10:00','2024-04-13 09:10:00',11),(100143,1043,1052,1,18.00,'2024-04-13 09:10:00','2024-04-14 09:10:00',11),(100144,1044,1051,1,18.00,'2024-04-14 09:10:00','2024-04-15 09:10:00',1),(100145,1045,1026,1,25.00,'2024-04-15 09:10:00','2024-04-16 09:10:00',13),(100146,1046,1054,1,18.00,'2024-04-16 09:10:00','2024-04-17 09:10:00',1),(100147,1047,1055,1,18.00,'2024-04-17 09:10:00','2024-04-18 09:10:00',11),(100148,1048,1058,1,18.00,'2024-04-18 09:10:00','2024-04-19 09:10:00',11),(100149,1049,1057,1,18.00,'2024-04-19 09:10:00','2024-04-20 09:10:00',1),(100150,1050,1029,1,25.00,'2024-04-20 09:10:00','2024-04-21 09:10:00',13),(100151,1051,1060,1,18.00,'2024-04-21 09:10:00','2024-04-22 09:10:00',1),(100152,1052,1061,1,18.00,'2024-04-22 09:10:00','2024-04-23 09:10:00',11),(100153,1053,1064,1,18.00,'2024-04-23 09:10:00','2024-04-24 09:10:00',11),(100154,1054,1063,1,18.00,'2024-04-24 09:10:00','2024-04-25 09:10:00',1),(100155,1055,1032,1,30.00,'2024-04-25 09:10:00','2024-04-26 09:10:00',13),(100156,1056,1066,1,18.00,'2024-04-26 09:10:00','2024-04-27 09:10:00',1),(100157,1057,1067,1,18.00,'2024-04-27 09:10:00','2024-04-28 09:10:00',11),(100158,1058,1070,1,18.00,'2024-04-28 09:10:00','2024-04-29 09:10:00',11),(100159,1059,1069,1,18.00,'2024-04-29 09:10:00','2024-04-30 09:10:00',1),(100160,1060,1035,1,30.00,'2024-04-30 09:10:00','2024-05-01 09:10:00',13),(100161,1061,1072,1,18.00,'2024-05-01 09:10:00','2024-05-02 09:10:00',1),(100162,1062,1073,1,18.00,'2024-05-02 09:10:00','2024-05-03 09:10:00',11),(100163,1063,1076,1,20.00,'2024-05-03 09:10:00','2024-05-04 09:10:00',11),(100164,1064,1075,1,20.00,'2024-05-04 09:10:00','2024-05-05 09:10:00',1),(100165,1065,1038,1,30.00,'2024-05-05 09:10:00','2024-05-06 09:10:00',13),(100166,1066,1078,1,20.00,'2024-05-06 09:10:00','2024-05-07 09:10:00',1),(100167,1067,1079,1,20.00,'2024-05-07 09:10:00','2024-05-08 09:10:00',11),(100168,1068,1082,1,20.00,'2024-05-08 09:10:00','2024-05-09 09:10:00',11),(100169,1069,1081,1,20.00,'2024-05-09 09:10:00','2024-05-10 09:10:00',1),(100170,1070,1041,1,30.00,'2024-05-10 09:10:00','2024-05-11 09:10:00',13),(100171,1071,1084,1,20.00,'2024-05-11 09:10:00','2024-05-12 09:10:00',1),(100172,1072,1085,1,20.00,'2024-05-12 09:10:00','2024-05-13 09:10:00',11),(100173,1073,1088,1,20.00,'2024-05-13 09:10:00','2024-05-14 09:10:00',11),(100174,1074,1087,1,20.00,'2024-05-14 09:10:00','2024-05-15 09:10:00',1),(100175,1075,1044,1,30.00,'2024-05-15 09:10:00','2024-05-16 09:10:00',13),(100176,1076,1090,1,500.00,'2024-05-16 09:10:00','2024-05-17 09:10:00',1),(100177,1077,1091,1,500.00,'2024-05-17 09:10:00','2024-05-18 09:10:00',11),(100178,1078,1094,1,500.00,'2024-05-18 09:10:00','2024-05-19 09:10:00',11),(100179,1079,1093,1,500.00,'2024-05-19 09:10:00','2024-05-20 09:10:00',1),(100180,1080,1047,1,18.00,'2024-05-20 09:10:00','2024-05-21 09:10:00',13),(100181,1081,1096,1,500.00,'2024-05-21 09:10:00','2024-05-22 09:10:00',1),(100182,1082,1097,1,500.00,'2024-05-22 09:10:00','2024-05-23 09:10:00',11),(100183,1083,1100,1,500.00,'2024-05-23 09:10:00','2024-05-24 09:10:00',11),(100184,1084,1099,1,500.00,'2024-05-24 09:10:00','2024-05-25 09:10:00',1),(100185,1085,1050,1,18.00,'2024-05-25 09:10:00','2024-05-26 09:10:00',13),(100186,1086,1102,1,500.00,'2024-05-26 09:10:00','2024-05-27 09:10:00',1),(100187,1087,1103,1,500.00,'2024-05-27 09:10:00','2024-05-28 09:10:00',11),(100188,1088,1106,1,90.00,'2024-05-28 09:10:00','2024-05-29 09:10:00',11),(100189,1089,1105,1,90.00,'2024-05-29 09:10:00','2024-05-30 09:10:00',1),(100190,1090,1053,1,18.00,'2024-05-30 09:10:00','2024-05-31 09:10:00',13),(100191,1091,1108,1,90.00,'2024-05-31 09:10:00','2024-06-01 09:10:00',1),(100192,1092,1109,1,90.00,'2024-06-01 09:10:00','2024-06-02 09:10:00',11),(100193,1093,1112,1,90.00,'2024-06-02 09:10:00','2024-06-03 09:10:00',11),(100194,1094,1111,1,90.00,'2024-06-03 09:10:00','2024-06-04 09:10:00',1),(100195,1095,1056,1,18.00,'2024-06-04 09:10:00','2024-06-05 09:10:00',13),(100196,1096,1114,1,90.00,'2024-06-05 09:10:00','2024-06-06 09:10:00',1),(100197,1097,1115,1,90.00,'2024-06-06 09:10:00','2024-06-07 09:10:00',11),(100198,1098,1118,1,90.00,'2024-06-07 09:10:00','2024-06-08 09:10:00',11),(100199,1099,1117,1,90.00,'2024-06-08 09:10:00','2024-06-09 09:10:00',1),(100200,1100,1059,1,18.00,'2024-06-09 09:10:00','2024-06-10 09:10:00',13),(100201,1101,1120,1,100.00,'2024-06-10 09:10:00','2024-06-11 09:10:00',1),(100202,1102,1121,1,100.00,'2024-06-11 09:10:00','2024-06-12 09:10:00',11),(100203,1103,1124,1,100.00,'2024-06-12 09:10:00','2024-06-13 09:10:00',11),(100204,1104,1123,1,100.00,'2024-06-13 09:10:00','2024-06-14 09:10:00',1),(100205,1105,1062,1,18.00,'2024-06-14 09:10:00','2024-06-15 09:10:00',13),(100206,1106,1126,1,100.00,'2024-06-15 09:10:00','2024-06-16 09:10:00',1),(100207,1107,1127,1,100.00,'2024-06-16 09:10:00','2024-06-17 09:10:00',11),(100208,1108,1130,1,100.00,'2024-06-17 09:10:00','2024-06-18 09:10:00',11),(100209,1109,1129,1,100.00,'2024-06-18 09:10:00','2024-06-19 09:10:00',1),(100210,1110,1065,1,18.00,'2024-06-19 09:10:00','2024-06-20 09:10:00',13),(100211,1111,1132,1,100.00,'2024-06-20 09:10:00','2024-06-21 09:10:00',1),(100212,1112,1133,1,100.00,'2024-06-21 09:10:00','2024-06-22 09:10:00',11),(100213,1113,1136,1,30.00,'2024-06-22 09:10:00','2024-06-23 09:10:00',11),(100214,1114,1135,1,30.00,'2024-06-23 09:10:00','2024-06-24 09:10:00',1),(100215,1115,1068,1,18.00,'2024-06-24 09:10:00','2024-06-25 09:10:00',13),(100216,1116,1138,1,30.00,'2024-06-25 09:10:00','2024-06-26 09:10:00',1),(100217,1117,1139,1,30.00,'2024-06-26 09:10:00','2024-06-27 09:10:00',11),(100218,1118,1142,1,30.00,'2024-06-27 09:10:00','2024-06-28 09:10:00',11),(100219,1119,1141,1,30.00,'2024-06-28 09:10:00','2024-06-29 09:10:00',1),(100220,1120,1071,1,18.00,'2024-06-29 09:10:00','2024-06-30 09:10:00',13),(100221,1121,1144,1,30.00,'2024-06-30 09:10:00','2024-07-01 09:10:00',1),(100222,1122,1145,1,30.00,'2024-07-01 09:10:00','2024-07-02 09:10:00',11);
/*!40000 ALTER TABLE `booking_item` ENABLE KEYS */;
UNLOCK TABLES;

--
-- Table structure for table `cart`
--

DROP TABLE IF EXISTS `cart`;
/*!40101 SET @saved_cs_client     = @@character_set_client */;
/*!50503 SET character_set_client = utf8mb4 */;
CREATE TABLE `cart` (
  `cart_id` int NOT NULL AUTO_INCREMENT,
  `customer_id` int DEFAULT NULL,
  `promo_code` varchar(20) DEFAULT NULL,
  PRIMARY KEY (`cart_id`),
  KEY `customer_id` (`customer_id`),
  CONSTRAINT `cart_ibfk_1` FOREIGN KEY (`customer_id`) REFERENCES `customer` (`customer_id`) ON DELETE CASCADE ON UPDATE CASCADE
) ENGINE=InnoDB AUTO_INCREMENT=9 DEFAULT CHARSET=utf8mb4 COLLATE=utf8mb4_0900_ai_ci;
/*!40101 SET character_set_client = @saved_cs_client */;

--
-- Dumping data for table `cart`
--

LOCK TABLES `cart` WRITE;
/*!40000 ALTER TABLE `cart` DISABLE KEYS */;
INSERT INTO `cart` VALUES (1,1,NULL),(2,2,NULL),(3,3,NULL),(4,4,NULL),(5,5,NULL),(6,NULL,NULL),(7,NULL,NULL),(8,6,NULL);
/*!40000 ALTER TABLE `cart` ENABLE KEYS */;
UNLOCK TABLES;

--
-- Table structure for table `cart_item`
--

DROP TABLE IF EXISTS `cart_item`;
/*!40101 SET @saved_cs_client     = @@character_set_client */;
/*!50503 SET character_set_client = utf8mb4 */;
CREATE TABLE `cart_item` (
  `cart_item_id` int NOT NULL AUTO_INCREMENT,
  `cart_id` int NOT NULL,
  `product_code` varchar(20) NOT NULL,
  `qty` int NOT NULL,
  `line_num` int NOT NULL,
  `hire_rate` decimal(10,2) NOT NULL,
  `disc_rate` decimal(5,2) DEFAULT 0.00,
  `hire_from` datetime NOT NULL,
  `hire_to` datetime NOT NULL,
  PRIMARY KEY (`cart_item_id`),
  KEY `cart_id` (`cart_id`),
  KEY `carrt_item_ibfk_2_idx` (`product_code`),
  CONSTRAINT `cart_item_ibfk_1` FOREIGN KEY (`cart_id`) REFERENCES `cart` (`cart_id`) ON DELETE CASCADE ON UPDATE CASCADE,
  CONSTRAINT `cart_item_ibfk_2` FOREIGN KEY (`product_code`) REFERENCES `product` (`product_code`) ON DELETE CASCADE ON UPDATE CASCADE
) ENGINE=InnoDB AUTO_INCREMENT=3 DEFAULT CHARSET=utf8mb4 COLLATE=utf8mb4_0900_ai_ci;
/*!40101 SET character_set_client = @saved_cs_client */;

--
-- Dumping data for table `cart_item`
--

LOCK TABLES `cart_item` WRITE;
/*!40000 ALTER TABLE `cart_item` DISABLE KEYS */;
INSERT INTO `cart_item` VALUES (1,6,'CMIX-PTR01',1,1,18.00,0.00,'2024-06-13 23:32:00','2024-06-16 23:32:00'),(2,7,'CHAIN-40HYD',1,1,180.00,0.00,'2024-06-13 20:09:00','2024-06-16 20:09:00');
/*!40000 ALTER TABLE `cart_item` ENABLE KEYS */;
UNLOCK TABLES;

--
-- Table structure for table `category`
--

DROP TABLE IF EXISTS `category`;
/*!40101 SET @saved_cs_client     = @@character_set_client */;
/*!50503 SET character_set_client = utf8mb4 */;
CREATE TABLE `category` (
  `category_code` varchar(10) NOT NULL,
  `name` varchar(100) NOT NULL,
  `status` tinyint NOT NULL DEFAULT 1,
  PRIMARY KEY (`category_code`)
) ENGINE=InnoDB DEFAULT CHARSET=utf8mb4 COLLATE=utf8mb4_0900_ai_ci;
/*!40101 SET character_set_client = @saved_cs_client */;

--
-- Dumping data for table `category`
--

LOCK TABLES `category` WRITE;
/*!40000 ALTER TABLE `category` DISABLE KEYS */;
INSERT INTO `category` VALUES ('CHAIN','Chainsaws',1),('CMIX','Concrete Mixers',1),('CULT','Cultivation Machinery',0),('EXCV','Excavators',1),('FEEDM','Feed Mixers',0),('LAWN','Lawn Mowers',1),('POSTHD','Post Hole Diggers',1),('SPRA','Sprayers',1),('STUMP','Tree Stump Grinders',0),('TELEH','Telehandlers',1),('TRAC','Tractors',1);
/*!40000 ALTER TABLE `category` ENABLE KEYS */;
UNLOCK TABLES;

--
-- Table structure for table `customer`
--

DROP TABLE IF EXISTS `customer`;
/*!40101 SET @saved_cs_client     = @@character_set_client */;
/*!50503 SET character_set_client = utf8mb4 */;
CREATE TABLE `customer` (
  `customer_id` int NOT NULL AUTO_INCREMENT,
  `user_id` int NOT NULL,
  `first_name` varchar(50) DEFAULT NULL,
  `last_name` varchar(50) NOT NULL,
  `phone` varchar(20) DEFAULT NULL,
  `address_line1` varchar(255) DEFAULT NULL,
  `address_line2` varchar(255) DEFAULT NULL,
  `suburb` varchar(50) DEFAULT NULL,
  `city` varchar(50) DEFAULT NULL,
  `post_code` varchar(10) DEFAULT NULL,
  `my_store` int DEFAULT NULL,
  PRIMARY KEY (`customer_id`),
  KEY `user_id` (`user_id`),
  KEY `customer_ibfk_2_idx` (`my_store`),
  CONSTRAINT `customer_ibfk_1` FOREIGN KEY (`user_id`) REFERENCES `user` (`user_id`) ON DELETE RESTRICT ON UPDATE CASCADE,
  CONSTRAINT `customer_ibfk_2` FOREIGN KEY (`my_store`) REFERENCES `store` (`store_id`) ON DELETE SET NULL ON UPDATE CASCADE
) ENGINE=InnoDB AUTO_INCREMENT=7 DEFAULT CHARSET=utf8mb4 COLLATE=utf8mb4_0900_ai_ci;
/*!40101 SET character_set_client = @saved_cs_client */;

--
-- Dumping data for table `customer`
--

LOCK TABLES `customer` WRITE;
/*!40000 ALTER TABLE `customer` DISABLE KEYS */;
INSERT INTO `customer` VALUES (1,1,'John','Doe','0234567890','123 Main St','','Albany','Auckland','0632',1),(2,2,'Alice','Smith','0987654321','456 Elm St','','Wigram','Christchurch','8052',11),(3,3,'Rob','Johnson','0122334455','789 Oak St','','Hornby','Christchurch','8042',11),(4,4,'Emily','Brown','0449966330','101 Pine St','','Manukau','Auckland','2104',1),(5,5,'Michael','Anderson','0777888999','789 Walnut St','','Alicetown','Wellington','5010',13),(6,19,'Customer','Guest',NULL,NULL,NULL,NULL,NULL,NULL,NULL);
/*!40000 ALTER TABLE `customer` ENABLE KEYS */;
UNLOCK TABLES;

--
-- Table structure for table `hire_record`
--

DROP TABLE IF EXISTS `hire_record`;
/*!40101 SET @saved_cs_client     = @@character_set_client */;
/*!50503 SET character_set_client = utf8mb4 */;
CREATE TABLE `hire_record` (
  `record_id` int NOT NULL AUTO_INCREMENT,
  `booking_item_id` int NOT NULL,
  `checkout_time` datetime DEFAULT NULL,
  `checkout_staff` int DEFAULT NULL,
  `return_time` datetime DEFAULT NULL,
  `return_staff` int DEFAULT NULL,
  `note` varchar(255) DEFAULT NULL,
  PRIMARY KEY (`record_id`),
  KEY `hire_record_ibfk_10_idx` (`booking_item_id`),
  KEY `hire_record_ibfk_19_idx` (`checkout_staff`),
  KEY `hire_record_ibfk_29_idx` (`return_staff`),
  CONSTRAINT `hire_record_ibfk_1` FOREIGN KEY (`booking_item_id`) REFERENCES `booking_item` (`booking_item_id`) ON DELETE CASCADE ON UPDATE CASCADE,
  CONSTRAINT `hire_record_ibfk_2` FOREIGN KEY (`checkout_staff`) REFERENCES `staff` (`staff_id`),
  CONSTRAINT `hire_record_ibfk_3` FOREIGN KEY (`return_staff`) REFERENCES `staff` (`staff_id`)
) ENGINE=InnoDB AUTO_INCREMENT=377 DEFAULT CHARSET=utf8mb4 COLLATE=utf8mb4_0900_ai_ci;
/*!40101 SET character_set_client = @saved_cs_client */;

--
-- Dumping data for table `hire_record`
--

LOCK TABLES `hire_record` WRITE;
/*!40000 ALTER TABLE `hire_record` DISABLE KEYS */;
INSERT INTO `hire_record` VALUES (247,100101,'2024-03-02 09:15:00',1,'2024-03-03 09:15:00',2,NULL),(248,100102,'2024-03-03 09:15:00',3,'2024-03-04 09:15:00',4,NULL),(249,100103,'2024-03-04 09:15:00',3,'2024-03-05 09:15:00',4,NULL),(250,100104,'2024-03-05 09:15:00',2,'2024-03-06 09:15:00',1,NULL),(251,100105,'2024-03-06 09:15:00',5,'2024-03-07 09:15:00',6,NULL),(252,100106,'2024-03-07 09:15:00',1,'2024-03-08 09:15:00',2,NULL),(253,100107,'2024-03-08 09:15:00',3,'2024-03-09 09:15:00',4,NULL),(254,100108,'2024-03-09 09:15:00',3,'2024-03-10 09:15:00',4,NULL),(255,100109,'2024-03-10 09:15:00',2,'2024-03-11 09:15:00',1,NULL),(256,100110,'2024-03-11 09:15:00',5,'2024-03-12 09:15:00',6,NULL),(257,100111,'2024-03-12 09:15:00',1,'2024-03-13 09:15:00',2,NULL),(258,100112,'2024-03-13 09:15:00',3,'2024-03-14 09:15:00',4,NULL),(259,100113,'2024-03-14 09:15:00',3,'2024-03-15 09:15:00',4,NULL),(260,100114,'2024-03-15 09:15:00',2,'2024-03-16 09:15:00',1,NULL),(261,100115,'2024-03-16 09:15:00',5,'2024-03-17 09:15:00',6,NULL),(262,100116,'2024-03-17 09:15:00',1,'2024-03-18 09:15:00',2,NULL),(263,100117,'2024-03-18 09:15:00',3,'2024-03-19 09:15:00',4,NULL),(264,100118,'2024-03-19 09:15:00',3,'2024-03-20 09:15:00',4,NULL),(265,100119,'2024-03-20 09:15:00',2,'2024-03-21 09:15:00',1,NULL),(266,100120,'2024-03-21 09:15:00',5,'2024-03-22 09:15:00',6,NULL),(267,100121,'2024-03-22 09:15:00',1,'2024-03-23 09:15:00',2,NULL),(268,100122,'2024-03-23 09:15:00',3,'2024-03-24 09:15:00',4,NULL),(269,100123,'2024-03-24 09:15:00',3,'2024-03-25 09:15:00',4,NULL),(270,100124,'2024-03-25 09:15:00',2,'2024-03-26 09:15:00',1,NULL),(271,100125,'2024-03-26 09:15:00',5,'2024-03-27 09:15:00',6,NULL),(272,100126,'2024-03-27 09:15:00',1,'2024-03-28 09:15:00',2,NULL),(273,100127,'2024-03-28 09:15:00',3,'2024-03-29 09:15:00',4,NULL),(274,100128,'2024-03-29 09:15:00',3,'2024-03-30 09:15:00',4,NULL),(275,100129,'2024-03-30 09:15:00',2,'2024-03-31 09:15:00',1,NULL),(276,100130,'2024-03-31 09:15:00',5,'2024-04-01 09:15:00',6,NULL),(277,100131,'2024-04-01 09:15:00',1,'2024-04-02 09:15:00',2,NULL),(278,100132,'2024-04-02 09:15:00',3,'2024-04-03 09:15:00',4,NULL),(279,100133,'2024-04-03 09:15:00',3,'2024-04-04 09:15:00',4,NULL),(280,100134,'2024-04-04 09:15:00',2,'2024-04-05 09:15:00',1,NULL),(281,100135,'2024-04-05 09:15:00',5,'2024-04-06 09:15:00',6,NULL),(282,100136,'2024-04-06 09:15:00',1,'2024-04-07 09:15:00',2,NULL),(283,100137,'2024-04-07 09:15:00',3,'2024-04-08 09:15:00',4,NULL),(284,100138,'2024-04-08 09:15:00',3,'2024-04-09 09:15:00',4,NULL),(285,100139,'2024-04-09 09:15:00',2,'2024-04-10 09:15:00',1,NULL),(286,100140,'2024-04-10 09:15:00',5,'2024-04-11 09:15:00',6,NULL),(287,100141,'2024-04-11 09:15:00',1,'2024-04-12 09:15:00',2,NULL),(288,100142,'2024-04-12 09:15:00',3,'2024-04-13 09:15:00',4,NULL),(289,100143,'2024-04-13 09:15:00',3,'2024-04-14 09:15:00',4,NULL),(290,100144,'2024-04-14 09:15:00',2,'2024-04-15 09:15:00',1,NULL),(291,100145,'2024-04-15 09:15:00',5,'2024-04-16 09:15:00',6,NULL),(292,100146,'2024-04-16 09:15:00',1,'2024-04-17 09:15:00',2,NULL),(293,100147,'2024-04-17 09:15:00',3,'2024-04-18 09:15:00',4,NULL),(294,100148,'2024-04-18 09:15:00',3,'2024-04-19 09:15:00',4,NULL),(295,100149,'2024-04-19 09:15:00',2,'2024-04-20 09:15:00',1,NULL),(296,100150,'2024-04-20 09:15:00',5,'2024-04-21 09:15:00',6,NULL),(297,100151,'2024-04-21 09:15:00',1,'2024-04-22 09:15:00',2,NULL),(298,100152,'2024-04-22 09:15:00',3,'2024-04-23 09:15:00',4,NULL),(299,100153,'2024-04-23 09:15:00',3,'2024-04-24 09:15:00',4,NULL),(300,100154,'2024-04-24 09:15:00',2,'2024-04-25 09:15:00',1,NULL),(301,100155,'2024-04-25 09:15:00',5,'2024-04-26 09:15:00',6,NULL),(302,100156,'2024-04-26 09:15:00',1,'2024-04-27 09:15:00',2,NULL),(303,100157,'2024-04-27 09:15:00',3,'2024-04-28 09:15:00',4,NULL),(304,100158,'2024-04-28 09:15:00',3,'2024-04-29 09:15:00',4,NULL),(305,100159,'2024-04-29 09:15:00',2,'2024-04-30 09:15:00',1,NULL),(306,100160,'2024-04-30 09:15:00',5,'2024-05-01 09:15:00',6,NULL),(307,100161,'2024-05-01 09:15:00',1,'2024-05-02 09:15:00',2,NULL),(308,100162,'2024-05-02 09:15:00',3,'2024-05-03 09:15:00',4,NULL),(309,100163,'2024-05-03 09:15:00',3,'2024-05-04 09:15:00',4,NULL),(310,100164,'2024-05-04 09:15:00',2,'2024-05-05 09:15:00',1,NULL),(311,100165,'2024-05-05 09:15:00',5,'2024-05-06 09:15:00',6,NULL),(312,100166,'2024-05-06 09:15:00',1,'2024-05-07 09:15:00',2,NULL),(313,100167,'2024-05-07 09:15:00',3,'2024-05-08 09:15:00',4,NULL),(314,100168,'2024-05-08 09:15:00',3,'2024-05-09 09:15:00',4,NULL),(315,100169,'2024-05-09 09:15:00',2,'2024-05-10 09:15:00',1,NULL),(316,100170,'2024-05-10 09:15:00',5,'2024-05-11 09:15:00',6,NULL),(317,100171,'2024-05-11 09:15:00',1,'2024-05-12 09:15:00',2,NULL),(318,100172,'2024-05-12 09:15:00',3,'2024-05-13 09:15:00',4,NULL),(319,100173,'2024-05-13 09:15:00',3,'2024-05-14 09:15:00',4,NULL),(320,100174,'2024-05-14 09:15:00',2,'2024-05-15 09:15:00',1,NULL),(321,100175,'2024-05-15 09:15:00',5,'2024-05-16 09:15:00',6,NULL),(322,100176,'2024-05-16 09:15:00',1,'2024-05-17 09:15:00',2,NULL),(323,100177,'2024-05-17 09:15:00',3,'2024-05-18 09:15:00',4,NULL),(324,100178,'2024-05-18 09:15:00',3,'2024-05-19 09:15:00',4,NULL),(325,100179,'2024-05-19 09:15:00',2,'2024-05-20 09:15:00',1,NULL),(326,100180,'2024-05-20 09:15:00',5,'2024-05-21 09:15:00',6,NULL),(327,100181,'2024-05-21 09:15:00',1,'2024-05-22 09:15:00',2,NULL),(328,100182,'2024-05-22 09:15:00',3,'2024-05-23 09:15:00',4,NULL),(329,100183,'2024-05-23 09:15:00',3,'2024-05-24 09:15:00',4,NULL),(330,100184,'2024-05-24 09:15:00',2,'2024-05-25 09:15:00',1,NULL),(331,100185,'2024-05-25 09:15:00',5,'2024-05-26 09:15:00',6,NULL),(332,100186,'2024-05-26 09:15:00',1,'2024-05-27 09:15:00',2,NULL),(333,100187,'2024-05-27 09:15:00',3,'2024-05-28 09:15:00',4,NULL),(334,100188,'2024-05-28 09:15:00',3,'2024-05-29 09:15:00',4,NULL),(335,100189,'2024-05-29 09:15:00',2,'2024-05-30 09:15:00',1,NULL),(336,100190,'2024-05-30 09:15:00',5,'2024-05-31 09:15:00',6,NULL),(337,100191,'2024-05-31 09:15:00',1,'2024-06-01 09:15:00',2,NULL),(338,100192,'2024-06-01 09:15:00',3,'2024-06-02 09:15:00',4,NULL),(339,100193,'2024-06-02 09:15:00',3,'2024-06-03 09:15:00',4,NULL),(340,100194,'2024-06-03 09:15:00',2,'2024-06-04 09:15:00',1,NULL),(341,100195,'2024-06-04 09:15:00',5,'2024-06-05 09:15:00',6,NULL),(342,100196,'2024-06-05 09:15:00',1,'2024-06-06 09:15:00',2,NULL),(343,100197,'2024-06-06 09:15:00',3,'2024-06-07 09:15:00',4,NULL),(344,100198,'2024-06-07 09:15:00',3,'2024-06-08 09:15:00',4,NULL),(345,100199,'2024-06-08 09:15:00',2,'2024-06-09 09:15:00',1,NULL),(346,100200,'2024-06-09 09:15:00',5,'2024-06-10 09:15:00',6,NULL),(347,100201,'2024-06-10 09:15:00',1,'2024-06-11 09:15:00',2,NULL),(348,100202,'2024-06-11 09:15:00',3,'2024-06-12 09:15:00',4,NULL),(349,100203,'2024-06-12 09:15:00',3,'2024-06-13 09:15:00',4,NULL),(350,100204,'2024-06-13 09:15:00',2,NULL,NULL,NULL),(351,100205,NULL,NULL,NULL,NULL,NULL),(352,100206,NULL,NULL,NULL,NULL,NULL),(353,100207,NULL,NULL,NULL,NULL,NULL),(354,100208,NULL,NULL,NULL,NULL,NULL),(355,100209,NULL,NULL,NULL,NULL,NULL),(356,100210,NULL,NULL,NULL,NULL,NULL),(357,100211,NULL,NULL,NULL,NULL,NULL),(358,100212,NULL,NULL,NULL,NULL,NULL),(359,100213,NULL,NULL,NULL,NULL,NULL),(360,100214,NULL,NULL,NULL,NULL,NULL),(361,100215,NULL,NULL,NULL,NULL,NULL),(362,100216,NULL,NULL,NULL,NULL,NULL),(363,100217,NULL,NULL,NULL,NULL,NULL),(364,100218,NULL,NULL,NULL,NULL,NULL),(365,100219,NULL,NULL,NULL,NULL,NULL),(366,100220,NULL,NULL,NULL,NULL,NULL),(367,100221,NULL,NULL,NULL,NULL,NULL),(368,100222,NULL,NULL,NULL,NULL,NULL);
/*!40000 ALTER TABLE `hire_record` ENABLE KEYS */;
UNLOCK TABLES;

--
-- Table structure for table `machine`
--

DROP TABLE IF EXISTS `machine`;
/*!40101 SET @saved_cs_client     = @@character_set_client */;
/*!50503 SET character_set_client = utf8mb4 */;
CREATE TABLE `machine` (
  `machine_id` int NOT NULL AUTO_INCREMENT,
  `sn` varchar(50) NOT NULL,
  `product_code` varchar(20) NOT NULL,
  `store_id` int NOT NULL,
  `purchase_date` date DEFAULT NULL,
  `cost` decimal(10,2) DEFAULT NULL,
  `photo` varchar(255) DEFAULT NULL,
  `note` varchar(255) DEFAULT NULL,
  `status` tinyint NOT NULL DEFAULT 1,
  PRIMARY KEY (`machine_id`),
  KEY `product_id` (`product_code`),
  KEY `store_id` (`store_id`),
  KEY `sn` (`sn`),
  CONSTRAINT `machine_ibfk_1` FOREIGN KEY (`product_code`) REFERENCES `product` (`product_code`) ON DELETE RESTRICT ON UPDATE CASCADE,
  CONSTRAINT `machine_ibfk_2` FOREIGN KEY (`store_id`) REFERENCES `store` (`store_id`) ON DELETE RESTRICT ON UPDATE CASCADE
) ENGINE=InnoDB AUTO_INCREMENT=1871 DEFAULT CHARSET=utf8mb4 COLLATE=utf8mb4_0900_ai_ci;
/*!40101 SET character_set_client = @saved_cs_client */;

--
-- Dumping data for table `machine`
--

LOCK TABLES `machine` WRITE;
/*!40000 ALTER TABLE `machine` DISABLE KEYS */;
INSERT INTO `machine` VALUES (1000,'CHAIN-40HYD-SN15','CHAIN-40HYD',1,'2023-05-23',592.95,'CHAIN-40HYD-SN15.JPG',NULL,1),(1001,'CHAIN-40HYD-SN115','CHAIN-40HYD',11,'2023-08-01',376.01,'CHAIN-40HYD-SN115.JPG',NULL,1),(1002,'CHAIN-40HYD-SN135','CHAIN-40HYD',13,'2024-03-17',907.64,'CHAIN-40HYD-SN135.JPG',NULL,1),(1003,'CHAIN-40HYD-SN14','CHAIN-40HYD',1,'2023-05-18',361.05,'CHAIN-40HYD-SN14.JPG',NULL,1),(1004,'CHAIN-40HYD-SN114','CHAIN-40HYD',11,'2023-11-29',491.11,'CHAIN-40HYD-SN114.JPG',NULL,1),(1005,'CHAIN-40HYD-SN134','CHAIN-40HYD',13,'2023-08-01',681.69,'CHAIN-40HYD-SN134.JPG',NULL,1),(1006,'CHAIN-40HYD-SN13','CHAIN-40HYD',1,'2023-07-06',432.18,'CHAIN-40HYD-SN13.JPG',NULL,1),(1007,'CHAIN-40HYD-SN113','CHAIN-40HYD',11,'2024-02-10',276.23,'CHAIN-40HYD-SN113.JPG',NULL,1),(1008,'CHAIN-40HYD-SN133','CHAIN-40HYD',13,'2024-03-05',458.70,'CHAIN-40HYD-SN133.JPG',NULL,1),(1009,'CHAIN-40HYD-SN12','CHAIN-40HYD',1,'2023-12-21',829.32,'CHAIN-40HYD-SN12.JPG',NULL,1),(1010,'CHAIN-40HYD-SN112','CHAIN-40HYD',11,'2023-07-11',828.72,'CHAIN-40HYD-SN112.JPG',NULL,1),(1011,'CHAIN-40HYD-SN132','CHAIN-40HYD',13,'2023-11-14',181.87,'CHAIN-40HYD-SN132.JPG',NULL,1),(1012,'CHAIN-40HYD-SN11','CHAIN-40HYD',1,'2023-06-06',497.02,'CHAIN-40HYD-SN11.JPG',NULL,1),(1013,'CHAIN-40HYD-SN111','CHAIN-40HYD',11,'2023-12-30',606.60,'CHAIN-40HYD-SN111.JPG',NULL,1),(1014,'CHAIN-40HYD-SN131','CHAIN-40HYD',13,'2023-09-09',752.20,'CHAIN-40HYD-SN131.JPG',NULL,1),(1015,'CHAIN-40PTR-SN15','CHAIN-40PTR',1,'2023-10-18',732.48,'CHAIN-40PTR-SN15.JPG',NULL,1),(1016,'CHAIN-40PTR-SN115','CHAIN-40PTR',11,'2023-08-02',847.28,'CHAIN-40PTR-SN115.JPG',NULL,1),(1017,'CHAIN-40PTR-SN135','CHAIN-40PTR',13,'2023-08-02',506.00,'CHAIN-40PTR-SN135.JPG',NULL,1),(1018,'CHAIN-40PTR-SN14','CHAIN-40PTR',1,'2023-06-26',188.55,'CHAIN-40PTR-SN14.JPG',NULL,1),(1019,'CHAIN-40PTR-SN114','CHAIN-40PTR',11,'2023-07-21',828.33,'CHAIN-40PTR-SN114.JPG',NULL,1),(1020,'CHAIN-40PTR-SN134','CHAIN-40PTR',13,'2023-10-15',541.32,'CHAIN-40PTR-SN134.JPG',NULL,1),(1021,'CHAIN-40PTR-SN13','CHAIN-40PTR',1,'2023-09-03',130.12,'CHAIN-40PTR-SN13.JPG',NULL,1),(1022,'CHAIN-40PTR-SN113','CHAIN-40PTR',11,'2024-04-22',300.48,'CHAIN-40PTR-SN113.JPG',NULL,1),(1023,'CHAIN-40PTR-SN133','CHAIN-40PTR',13,'2023-06-15',938.01,'CHAIN-40PTR-SN133.JPG',NULL,1),(1024,'CHAIN-40PTR-SN12','CHAIN-40PTR',1,'2023-06-23',717.84,'CHAIN-40PTR-SN12.JPG',NULL,1),(1025,'CHAIN-40PTR-SN112','CHAIN-40PTR',11,'2023-08-18',696.88,'CHAIN-40PTR-SN112.JPG',NULL,1),(1026,'CHAIN-40PTR-SN132','CHAIN-40PTR',13,'2024-04-15',480.17,'CHAIN-40PTR-SN132.JPG',NULL,1),(1027,'CHAIN-40PTR-SN11','CHAIN-40PTR',1,'2023-07-05',151.29,'CHAIN-40PTR-SN11.JPG',NULL,1),(1028,'CHAIN-40PTR-SN111','CHAIN-40PTR',11,'2023-09-06',353.03,'CHAIN-40PTR-SN111.JPG',NULL,1),(1029,'CHAIN-40PTR-SN131','CHAIN-40PTR',13,'2024-01-14',846.01,'CHAIN-40PTR-SN131.JPG',NULL,1),(1030,'CHAIN-45PTR-SN15','CHAIN-45PTR',1,'2024-03-25',296.80,'CHAIN-45PTR-SN15.JPG',NULL,1),(1031,'CHAIN-45PTR-SN115','CHAIN-45PTR',11,'2023-09-14',725.24,'CHAIN-45PTR-SN115.JPG',NULL,1),(1032,'CHAIN-45PTR-SN135','CHAIN-45PTR',13,'2023-11-28',308.38,'CHAIN-45PTR-SN135.JPG',NULL,1),(1033,'CHAIN-45PTR-SN14','CHAIN-45PTR',1,'2023-08-09',231.95,'CHAIN-45PTR-SN14.JPG',NULL,1),(1034,'CHAIN-45PTR-SN114','CHAIN-45PTR',11,'2023-12-11',731.66,'CHAIN-45PTR-SN114.JPG',NULL,1),(1035,'CHAIN-45PTR-SN134','CHAIN-45PTR',13,'2024-02-24',113.99,'CHAIN-45PTR-SN134.JPG',NULL,1),(1036,'CHAIN-45PTR-SN13','CHAIN-45PTR',1,'2023-12-20',980.87,'CHAIN-45PTR-SN13.JPG',NULL,1),(1037,'CHAIN-45PTR-SN113','CHAIN-45PTR',11,'2023-09-11',510.65,'CHAIN-45PTR-SN113.JPG',NULL,1),(1038,'CHAIN-45PTR-SN133','CHAIN-45PTR',13,'2024-02-16',874.58,'CHAIN-45PTR-SN133.JPG',NULL,1),(1039,'CHAIN-45PTR-SN12','CHAIN-45PTR',1,'2023-10-22',321.13,'CHAIN-45PTR-SN12.JPG',NULL,1),(1040,'CHAIN-45PTR-SN112','CHAIN-45PTR',11,'2023-11-03',930.18,'CHAIN-45PTR-SN112.JPG',NULL,1),(1041,'CHAIN-45PTR-SN132','CHAIN-45PTR',13,'2024-05-10',383.20,'CHAIN-45PTR-SN132.JPG',NULL,1),(1042,'CHAIN-45PTR-SN11','CHAIN-45PTR',1,'2023-11-06',709.31,'CHAIN-45PTR-SN11.JPG',NULL,1),(1043,'CHAIN-45PTR-SN111','CHAIN-45PTR',11,'2023-07-24',128.01,'CHAIN-45PTR-SN111.JPG',NULL,1),(1044,'CHAIN-45PTR-SN131','CHAIN-45PTR',13,'2023-08-27',548.34,'CHAIN-45PTR-SN131.JPG',NULL,1),(1045,'CMIX-BRW006-SN15','CMIX-BRW006',1,'2024-01-14',266.32,'CMIX-BRW006-SN15.JPG',NULL,1),(1046,'CMIX-BRW006-SN115','CMIX-BRW006',11,'2023-06-16',125.15,'CMIX-BRW006-SN115.JPG',NULL,1),(1047,'CMIX-BRW006-SN135','CMIX-BRW006',13,'2023-12-25',881.00,'CMIX-BRW006-SN135.JPG',NULL,1),(1048,'CMIX-BRW006-SN14','CMIX-BRW006',1,'2024-03-15',312.57,'CMIX-BRW006-SN14.JPG',NULL,1),(1049,'CMIX-BRW006-SN114','CMIX-BRW006',11,'2023-09-11',709.77,'CMIX-BRW006-SN114.JPG',NULL,1),(1050,'CMIX-BRW006-SN134','CMIX-BRW006',13,'2024-01-07',772.57,'CMIX-BRW006-SN134.JPG',NULL,1),(1051,'CMIX-BRW006-SN13','CMIX-BRW006',1,'2023-09-14',190.81,'CMIX-BRW006-SN13.JPG',NULL,1),(1052,'CMIX-BRW006-SN113','CMIX-BRW006',11,'2023-11-15',272.33,'CMIX-BRW006-SN113.JPG',NULL,1),(1053,'CMIX-BRW006-SN133','CMIX-BRW006',13,'2023-11-29',756.92,'CMIX-BRW006-SN133.JPG',NULL,1),(1054,'CMIX-BRW006-SN12','CMIX-BRW006',1,'2024-02-08',230.61,'CMIX-BRW006-SN12.JPG',NULL,1),(1055,'CMIX-BRW006-SN112','CMIX-BRW006',11,'2023-06-13',269.22,'CMIX-BRW006-SN112.JPG',NULL,1),(1056,'CMIX-BRW006-SN132','CMIX-BRW006',13,'2024-03-16',339.69,'CMIX-BRW006-SN132.JPG',NULL,1),(1057,'CMIX-BRW006-SN11','CMIX-BRW006',1,'2023-07-16',431.20,'CMIX-BRW006-SN11.JPG',NULL,1),(1058,'CMIX-BRW006-SN111','CMIX-BRW006',11,'2024-01-12',635.64,'CMIX-BRW006-SN111.JPG',NULL,1),(1059,'CMIX-BRW006-SN131','CMIX-BRW006',13,'2023-06-01',996.23,'CMIX-BRW006-SN131.JPG',NULL,1),(1060,'CMIX-PTR01-SN15','CMIX-PTR01',1,'2024-04-05',607.66,'CMIX-PTR01-SN15.JPG',NULL,1),(1061,'CMIX-PTR01-SN115','CMIX-PTR01',11,'2023-11-19',779.43,'CMIX-PTR01-SN115.JPG',NULL,1),(1062,'CMIX-PTR01-SN135','CMIX-PTR01',13,'2024-01-25',340.22,'CMIX-PTR01-SN135.JPG',NULL,1),(1063,'CMIX-PTR01-SN14','CMIX-PTR01',1,'2023-12-16',349.33,'CMIX-PTR01-SN14.JPG',NULL,1),(1064,'CMIX-PTR01-SN114','CMIX-PTR01',11,'2024-03-26',875.28,'CMIX-PTR01-SN114.JPG',NULL,1),(1065,'CMIX-PTR01-SN134','CMIX-PTR01',13,'2023-06-25',886.42,'CMIX-PTR01-SN134.JPG',NULL,1),(1066,'CMIX-PTR01-SN13','CMIX-PTR01',1,'2023-09-05',864.45,'CMIX-PTR01-SN13.JPG',NULL,1),(1067,'CMIX-PTR01-SN113','CMIX-PTR01',11,'2024-03-16',346.85,'CMIX-PTR01-SN113.JPG',NULL,1),(1068,'CMIX-PTR01-SN133','CMIX-PTR01',13,'2023-06-30',609.99,'CMIX-PTR01-SN133.JPG',NULL,1),(1069,'CMIX-PTR01-SN12','CMIX-PTR01',1,'2024-03-04',368.23,'CMIX-PTR01-SN12.JPG',NULL,1),(1070,'CMIX-PTR01-SN112','CMIX-PTR01',11,'2023-06-25',606.48,'CMIX-PTR01-SN112.JPG',NULL,1),(1071,'CMIX-PTR01-SN132','CMIX-PTR01',13,'2024-03-26',109.01,'CMIX-PTR01-SN132.JPG',NULL,1),(1072,'CMIX-PTR01-SN11','CMIX-PTR01',1,'2023-09-28',212.97,'CMIX-PTR01-SN11.JPG',NULL,1),(1073,'CMIX-PTR01-SN111','CMIX-PTR01',11,'2023-08-21',365.23,'CMIX-PTR01-SN111.JPG',NULL,1),(1074,'CMIX-PTR01-SN131','CMIX-PTR01',13,'2024-02-07',522.64,'CMIX-PTR01-SN131.JPG',NULL,1),(1075,'CMIX-PTR01T-SN15','CMIX-PTR01T',1,'2023-11-02',343.17,'CMIX-PTR01T-SN15.JPG',NULL,1),(1076,'CMIX-PTR01T-SN115','CMIX-PTR01T',11,'2023-08-18',916.42,'CMIX-PTR01T-SN115.JPG',NULL,1),(1077,'CMIX-PTR01T-SN135','CMIX-PTR01T',13,'2024-01-25',823.38,'CMIX-PTR01T-SN135.JPG',NULL,1),(1078,'CMIX-PTR01T-SN14','CMIX-PTR01T',1,'2024-04-08',196.40,'CMIX-PTR01T-SN14.JPG',NULL,1),(1079,'CMIX-PTR01T-SN114','CMIX-PTR01T',11,'2024-02-24',821.28,'CMIX-PTR01T-SN114.JPG',NULL,1),(1080,'CMIX-PTR01T-SN134','CMIX-PTR01T',13,'2024-01-15',336.72,'CMIX-PTR01T-SN134.JPG',NULL,1),(1081,'CMIX-PTR01T-SN13','CMIX-PTR01T',1,'2024-01-22',806.18,'CMIX-PTR01T-SN13.JPG',NULL,1),(1082,'CMIX-PTR01T-SN113','CMIX-PTR01T',11,'2023-05-24',587.00,'CMIX-PTR01T-SN113.JPG',NULL,1),(1083,'CMIX-PTR01T-SN133','CMIX-PTR01T',13,'2023-08-09',297.38,'CMIX-PTR01T-SN133.JPG',NULL,1),(1084,'CMIX-PTR01T-SN12','CMIX-PTR01T',1,'2023-08-01',367.14,'CMIX-PTR01T-SN12.JPG',NULL,1),(1085,'CMIX-PTR01T-SN112','CMIX-PTR01T',11,'2024-04-05',699.23,'CMIX-PTR01T-SN112.JPG',NULL,1),(1086,'CMIX-PTR01T-SN132','CMIX-PTR01T',13,'2023-05-18',981.05,'CMIX-PTR01T-SN132.JPG',NULL,1),(1087,'CMIX-PTR01T-SN11','CMIX-PTR01T',1,'2023-06-19',646.86,'CMIX-PTR01T-SN11.JPG',NULL,1),(1088,'CMIX-PTR01T-SN111','CMIX-PTR01T',11,'2024-01-23',760.96,'CMIX-PTR01T-SN111.JPG',NULL,1),(1089,'CMIX-PTR01T-SN131','CMIX-PTR01T',13,'2023-08-20',536.44,'CMIX-PTR01T-SN131.JPG',NULL,1),(1090,'EXCV-30T-SN15','EXCV-30T',1,'2024-02-28',643.65,'EXCV-30T-SN15.JPG',NULL,1),(1091,'EXCV-30T-SN115','EXCV-30T',11,'2023-12-27',201.51,'EXCV-30T-SN115.JPG',NULL,1),(1092,'EXCV-30T-SN135','EXCV-30T',13,'2023-12-18',735.84,'EXCV-30T-SN135.JPG',NULL,1),(1093,'EXCV-30T-SN14','EXCV-30T',1,'2024-01-25',467.32,'EXCV-30T-SN14.JPG',NULL,1),(1094,'EXCV-30T-SN114','EXCV-30T',11,'2024-03-31',456.49,'EXCV-30T-SN114.JPG',NULL,1),(1095,'EXCV-30T-SN134','EXCV-30T',13,'2023-10-07',867.37,'EXCV-30T-SN134.JPG',NULL,1),(1096,'EXCV-30T-SN13','EXCV-30T',1,'2023-12-07',671.61,'EXCV-30T-SN13.JPG',NULL,1),(1097,'EXCV-30T-SN113','EXCV-30T',11,'2023-07-07',454.35,'EXCV-30T-SN113.JPG',NULL,1),(1098,'EXCV-30T-SN133','EXCV-30T',13,'2023-12-25',788.07,'EXCV-30T-SN133.JPG',NULL,1),(1099,'EXCV-30T-SN12','EXCV-30T',1,'2023-09-19',984.25,'EXCV-30T-SN12.JPG',NULL,1),(1100,'EXCV-30T-SN112','EXCV-30T',11,'2023-06-05',808.17,'EXCV-30T-SN112.JPG',NULL,1),(1101,'EXCV-30T-SN132','EXCV-30T',13,'2024-04-11',196.87,'EXCV-30T-SN132.JPG',NULL,1),(1102,'EXCV-30T-SN11','EXCV-30T',1,'2024-02-12',967.08,'EXCV-30T-SN11.JPG',NULL,1),(1103,'EXCV-30T-SN111','EXCV-30T',11,'2024-04-29',402.65,'EXCV-30T-SN111.JPG',NULL,1),(1104,'EXCV-30T-SN131','EXCV-30T',13,'2023-10-29',746.61,'EXCV-30T-SN131.JPG',NULL,1),(1105,'EXCV-TOW-SN15','EXCV-TOW',1,'2023-06-02',661.66,'EXCV-TOW-SN15.JPG',NULL,1),(1106,'EXCV-TOW-SN115','EXCV-TOW',11,'2024-02-13',452.14,'EXCV-TOW-SN115.JPG',NULL,1),(1107,'EXCV-TOW-SN135','EXCV-TOW',13,'2024-03-04',835.73,'EXCV-TOW-SN135.JPG',NULL,1),(1108,'EXCV-TOW-SN14','EXCV-TOW',1,'2023-11-18',109.67,'EXCV-TOW-SN14.JPG',NULL,1),(1109,'EXCV-TOW-SN114','EXCV-TOW',11,'2023-10-18',862.20,'EXCV-TOW-SN114.JPG',NULL,1),(1110,'EXCV-TOW-SN134','EXCV-TOW',13,'2023-11-12',994.69,'EXCV-TOW-SN134.JPG',NULL,1),(1111,'EXCV-TOW-SN13','EXCV-TOW',1,'2023-12-03',339.36,'EXCV-TOW-SN13.JPG',NULL,1),(1112,'EXCV-TOW-SN113','EXCV-TOW',11,'2023-05-24',195.55,'EXCV-TOW-SN113.JPG',NULL,1),(1113,'EXCV-TOW-SN133','EXCV-TOW',13,'2023-10-14',661.21,'EXCV-TOW-SN133.JPG',NULL,1),(1114,'EXCV-TOW-SN12','EXCV-TOW',1,'2024-01-08',903.08,'EXCV-TOW-SN12.JPG',NULL,1),(1115,'EXCV-TOW-SN112','EXCV-TOW',11,'2023-12-20',407.60,'EXCV-TOW-SN112.JPG',NULL,1),(1116,'EXCV-TOW-SN132','EXCV-TOW',13,'2023-11-16',516.62,'EXCV-TOW-SN132.JPG',NULL,1),(1117,'EXCV-TOW-SN11','EXCV-TOW',1,'2023-07-21',747.41,'EXCV-TOW-SN11.JPG',NULL,1),(1118,'EXCV-TOW-SN111','EXCV-TOW',11,'2024-03-28',551.14,'EXCV-TOW-SN111.JPG',NULL,1),(1119,'EXCV-TOW-SN131','EXCV-TOW',13,'2024-04-05',145.02,'EXCV-TOW-SN131.JPG',NULL,1),(1120,'EXCV-TOWTS-SN15','EXCV-TOWTS',1,'2023-06-15',495.16,'EXCV-TOWTS-SN15.JPG',NULL,1),(1121,'EXCV-TOWTS-SN115','EXCV-TOWTS',11,'2023-12-06',902.84,'EXCV-TOWTS-SN115.JPG',NULL,1),(1122,'EXCV-TOWTS-SN135','EXCV-TOWTS',13,'2024-03-27',997.56,'EXCV-TOWTS-SN135.JPG',NULL,1),(1123,'EXCV-TOWTS-SN14','EXCV-TOWTS',1,'2023-10-16',927.98,'EXCV-TOWTS-SN14.JPG',NULL,1),(1124,'EXCV-TOWTS-SN114','EXCV-TOWTS',11,'2023-07-09',553.57,'EXCV-TOWTS-SN114.JPG',NULL,1),(1125,'EXCV-TOWTS-SN134','EXCV-TOWTS',13,'2023-05-31',366.10,'EXCV-TOWTS-SN134.JPG',NULL,1),(1126,'EXCV-TOWTS-SN13','EXCV-TOWTS',1,'2023-10-12',173.71,'EXCV-TOWTS-SN13.JPG',NULL,1),(1127,'EXCV-TOWTS-SN113','EXCV-TOWTS',11,'2023-09-29',905.68,'EXCV-TOWTS-SN113.JPG',NULL,1),(1128,'EXCV-TOWTS-SN133','EXCV-TOWTS',13,'2023-10-13',344.53,'EXCV-TOWTS-SN133.JPG',NULL,1),(1129,'EXCV-TOWTS-SN12','EXCV-TOWTS',1,'2023-10-15',194.88,'EXCV-TOWTS-SN12.JPG',NULL,1),(1130,'EXCV-TOWTS-SN112','EXCV-TOWTS',11,'2023-08-07',602.05,'EXCV-TOWTS-SN112.JPG',NULL,1),(1131,'EXCV-TOWTS-SN132','EXCV-TOWTS',13,'2023-11-28',684.94,'EXCV-TOWTS-SN132.JPG',NULL,1),(1132,'EXCV-TOWTS-SN11','EXCV-TOWTS',1,'2023-07-08',395.49,'EXCV-TOWTS-SN11.JPG',NULL,1),(1133,'EXCV-TOWTS-SN111','EXCV-TOWTS',11,'2024-04-18',449.83,'EXCV-TOWTS-SN111.JPG',NULL,1),(1134,'EXCV-TOWTS-SN131','EXCV-TOWTS',13,'2023-08-27',487.32,'EXCV-TOWTS-SN131.JPG',NULL,1),(1135,'LAWN-CDLES-SN15','LAWN-CDLES',1,'2023-05-19',710.71,'LAWN-CDLES-SN15.JPG',NULL,1),(1136,'LAWN-CDLES-SN115','LAWN-CDLES',11,'2023-12-17',117.54,'LAWN-CDLES-SN115.JPG',NULL,1),(1137,'LAWN-CDLES-SN135','LAWN-CDLES',13,'2023-07-05',336.95,'LAWN-CDLES-SN135.JPG',NULL,1),(1138,'LAWN-CDLES-SN14','LAWN-CDLES',1,'2023-08-25',844.18,'LAWN-CDLES-SN14.JPG',NULL,1),(1139,'LAWN-CDLES-SN114','LAWN-CDLES',11,'2023-05-30',406.87,'LAWN-CDLES-SN114.JPG',NULL,1),(1140,'LAWN-CDLES-SN134','LAWN-CDLES',13,'2023-07-24',132.97,'LAWN-CDLES-SN134.JPG',NULL,1),(1141,'LAWN-CDLES-SN13','LAWN-CDLES',1,'2023-08-17',664.56,'LAWN-CDLES-SN13.JPG',NULL,1),(1142,'LAWN-CDLES-SN113','LAWN-CDLES',11,'2023-06-24',629.99,'LAWN-CDLES-SN113.JPG',NULL,1),(1143,'LAWN-CDLES-SN133','LAWN-CDLES',13,'2024-02-10',588.78,'LAWN-CDLES-SN133.JPG',NULL,1),(1144,'LAWN-CDLES-SN12','LAWN-CDLES',1,'2023-06-11',116.95,'LAWN-CDLES-SN12.JPG',NULL,1),(1145,'LAWN-CDLES-SN112','LAWN-CDLES',11,'2024-01-25',522.95,'LAWN-CDLES-SN112.JPG',NULL,1),(1146,'LAWN-CDLES-SN132','LAWN-CDLES',13,'2023-12-09',783.57,'LAWN-CDLES-SN132.JPG',NULL,1),(1147,'LAWN-CDLES-SN11','LAWN-CDLES',1,'2023-11-16',281.20,'LAWN-CDLES-SN11.JPG',NULL,1),(1148,'LAWN-CDLES-SN111','LAWN-CDLES',11,'2023-11-08',990.79,'LAWN-CDLES-SN111.JPG',NULL,1),(1149,'LAWN-CDLES-SN131','LAWN-CDLES',13,'2023-12-24',994.13,'LAWN-CDLES-SN131.JPG',NULL,1),(1150,'LAWN-COPTR-SN15','LAWN-COPTR',1,'2023-08-01',971.45,'LAWN-COPTR-SN15.JPG',NULL,1),(1151,'LAWN-COPTR-SN115','LAWN-COPTR',11,'2023-11-25',510.36,'LAWN-COPTR-SN115.JPG',NULL,1),(1152,'LAWN-COPTR-SN135','LAWN-COPTR',13,'2023-07-05',953.86,'LAWN-COPTR-SN135.JPG',NULL,1),(1153,'LAWN-COPTR-SN14','LAWN-COPTR',1,'2024-03-20',930.01,'LAWN-COPTR-SN14.JPG',NULL,1),(1154,'LAWN-COPTR-SN114','LAWN-COPTR',11,'2024-03-22',985.45,'LAWN-COPTR-SN114.JPG',NULL,1),(1155,'LAWN-COPTR-SN134','LAWN-COPTR',13,'2023-11-26',453.46,'LAWN-COPTR-SN134.JPG',NULL,1),(1156,'LAWN-COPTR-SN13','LAWN-COPTR',1,'2023-10-25',646.71,'LAWN-COPTR-SN13.JPG',NULL,1),(1157,'LAWN-COPTR-SN113','LAWN-COPTR',11,'2024-01-03',106.36,'LAWN-COPTR-SN113.JPG',NULL,1),(1158,'LAWN-COPTR-SN133','LAWN-COPTR',13,'2023-06-08',700.36,'LAWN-COPTR-SN133.JPG',NULL,1),(1159,'LAWN-COPTR-SN12','LAWN-COPTR',1,'2023-11-07',649.66,'LAWN-COPTR-SN12.JPG',NULL,1),(1160,'LAWN-COPTR-SN112','LAWN-COPTR',11,'2023-11-20',640.27,'LAWN-COPTR-SN112.JPG',NULL,1),(1161,'LAWN-COPTR-SN132','LAWN-COPTR',13,'2023-10-31',918.22,'LAWN-COPTR-SN132.JPG',NULL,1),(1162,'LAWN-COPTR-SN11','LAWN-COPTR',1,'2023-06-15',883.81,'LAWN-COPTR-SN11.JPG',NULL,1),(1163,'LAWN-COPTR-SN111','LAWN-COPTR',11,'2023-10-11',428.45,'LAWN-COPTR-SN111.JPG',NULL,1),(1164,'LAWN-COPTR-SN131','LAWN-COPTR',13,'2024-05-02',186.17,'LAWN-COPTR-SN131.JPG',NULL,1),(1165,'LAWN-LTRM-SN15','LAWN-LTRM',1,'2024-01-04',581.11,'LAWN-LTRM-SN15.JPG',NULL,1),(1166,'LAWN-LTRM-SN115','LAWN-LTRM',11,'2023-10-17',365.69,'LAWN-LTRM-SN115.JPG',NULL,1),(1167,'LAWN-LTRM-SN135','LAWN-LTRM',13,'2023-08-21',818.16,'LAWN-LTRM-SN135.JPG',NULL,1),(1168,'LAWN-LTRM-SN14','LAWN-LTRM',1,'2023-08-05',553.81,'LAWN-LTRM-SN14.JPG',NULL,1),(1169,'LAWN-LTRM-SN114','LAWN-LTRM',11,'2024-03-10',458.94,'LAWN-LTRM-SN114.JPG',NULL,1),(1170,'LAWN-LTRM-SN134','LAWN-LTRM',13,'2023-12-04',135.49,'LAWN-LTRM-SN134.JPG',NULL,1),(1171,'LAWN-LTRM-SN13','LAWN-LTRM',1,'2023-07-08',243.84,'LAWN-LTRM-SN13.JPG',NULL,1),(1172,'LAWN-LTRM-SN113','LAWN-LTRM',11,'2024-02-21',713.60,'LAWN-LTRM-SN113.JPG',NULL,1),(1173,'LAWN-LTRM-SN133','LAWN-LTRM',13,'2023-08-30',563.77,'LAWN-LTRM-SN133.JPG',NULL,1),(1174,'LAWN-LTRM-SN12','LAWN-LTRM',1,'2023-12-07',689.34,'LAWN-LTRM-SN12.JPG',NULL,1),(1175,'LAWN-LTRM-SN112','LAWN-LTRM',11,'2023-06-02',823.54,'LAWN-LTRM-SN112.JPG',NULL,1),(1176,'LAWN-LTRM-SN132','LAWN-LTRM',13,'2024-03-19',443.11,'LAWN-LTRM-SN132.JPG',NULL,1),(1177,'LAWN-LTRM-SN11','LAWN-LTRM',1,'2023-12-10',107.19,'LAWN-LTRM-SN11.JPG',NULL,1),(1178,'LAWN-LTRM-SN111','LAWN-LTRM',11,'2023-08-16',748.63,'LAWN-LTRM-SN111.JPG',NULL,1),(1179,'LAWN-LTRM-SN131','LAWN-LTRM',13,'2024-01-06',659.33,'LAWN-LTRM-SN131.JPG',NULL,1),(1180,'POSTHD-1MPC-SN15','POSTHD-1MPC',1,'2024-05-02',389.60,'POSTHD-1MPC-SN15.JPG',NULL,1),(1181,'POSTHD-1MPC-SN115','POSTHD-1MPC',11,'2023-11-16',568.39,'POSTHD-1MPC-SN115.JPG',NULL,1),(1182,'POSTHD-1MPC-SN135','POSTHD-1MPC',13,'2024-04-05',993.00,'POSTHD-1MPC-SN135.JPG',NULL,1),(1183,'POSTHD-1MPC-SN14','POSTHD-1MPC',1,'2023-09-29',251.54,'POSTHD-1MPC-SN14.JPG',NULL,1),(1184,'POSTHD-1MPC-SN114','POSTHD-1MPC',11,'2023-06-02',342.23,'POSTHD-1MPC-SN114.JPG',NULL,1),(1185,'POSTHD-1MPC-SN134','POSTHD-1MPC',13,'2023-11-22',638.48,'POSTHD-1MPC-SN134.JPG',NULL,1),(1186,'POSTHD-1MPC-SN13','POSTHD-1MPC',1,'2023-10-28',951.13,'POSTHD-1MPC-SN13.JPG',NULL,1),(1187,'POSTHD-1MPC-SN113','POSTHD-1MPC',11,'2024-04-15',625.16,'POSTHD-1MPC-SN113.JPG',NULL,1),(1188,'POSTHD-1MPC-SN133','POSTHD-1MPC',13,'2023-09-16',617.82,'POSTHD-1MPC-SN133.JPG',NULL,1),(1189,'POSTHD-1MPC-SN12','POSTHD-1MPC',1,'2023-06-29',712.23,'POSTHD-1MPC-SN12.JPG',NULL,1),(1190,'POSTHD-1MPC-SN112','POSTHD-1MPC',11,'2023-08-13',771.92,'POSTHD-1MPC-SN112.JPG',NULL,1),(1191,'POSTHD-1MPC-SN132','POSTHD-1MPC',13,'2023-11-29',156.48,'POSTHD-1MPC-SN132.JPG',NULL,1),(1192,'POSTHD-1MPC-SN11','POSTHD-1MPC',1,'2023-06-10',525.87,'POSTHD-1MPC-SN11.JPG',NULL,1),(1193,'POSTHD-1MPC-SN111','POSTHD-1MPC',11,'2023-10-21',483.17,'POSTHD-1MPC-SN111.JPG',NULL,1),(1194,'POSTHD-1MPC-SN131','POSTHD-1MPC',13,'2023-12-14',847.47,'POSTHD-1MPC-SN131.JPG',NULL,1),(1195,'POSTHD-1MS-SN15','POSTHD-1MS',1,'2023-06-26',953.30,'POSTHD-1MS-SN15.JPG',NULL,1),(1196,'POSTHD-1MS-SN115','POSTHD-1MS',11,'2024-04-17',585.59,'POSTHD-1MS-SN115.JPG',NULL,1),(1197,'POSTHD-1MS-SN135','POSTHD-1MS',13,'2023-11-27',746.40,'POSTHD-1MS-SN135.JPG',NULL,1),(1198,'POSTHD-1MS-SN14','POSTHD-1MS',1,'2024-03-08',811.29,'POSTHD-1MS-SN14.JPG',NULL,1),(1199,'POSTHD-1MS-SN114','POSTHD-1MS',11,'2023-12-27',597.00,'POSTHD-1MS-SN114.JPG',NULL,1),(1200,'POSTHD-1MS-SN134','POSTHD-1MS',13,'2023-10-07',441.40,'POSTHD-1MS-SN134.JPG',NULL,1),(1201,'POSTHD-1MS-SN13','POSTHD-1MS',1,'2024-04-18',313.57,'POSTHD-1MS-SN13.JPG',NULL,1),(1202,'POSTHD-1MS-SN113','POSTHD-1MS',11,'2023-05-31',185.16,'POSTHD-1MS-SN113.JPG',NULL,1),(1203,'POSTHD-1MS-SN133','POSTHD-1MS',13,'2023-10-13',695.88,'POSTHD-1MS-SN133.JPG',NULL,1),(1204,'POSTHD-1MS-SN12','POSTHD-1MS',1,'2023-10-30',755.33,'POSTHD-1MS-SN12.JPG',NULL,1),(1205,'POSTHD-1MS-SN112','POSTHD-1MS',11,'2024-05-11',888.26,'POSTHD-1MS-SN112.JPG',NULL,1),(1206,'POSTHD-1MS-SN132','POSTHD-1MS',13,'2024-01-11',179.01,'POSTHD-1MS-SN132.JPG',NULL,1),(1207,'POSTHD-1MS-SN11','POSTHD-1MS',1,'2023-12-18',806.91,'POSTHD-1MS-SN11.JPG',NULL,1),(1208,'POSTHD-1MS-SN111','POSTHD-1MS',11,'2023-09-04',220.24,'POSTHD-1MS-SN111.JPG',NULL,1),(1209,'POSTHD-1MS-SN131','POSTHD-1MS',13,'2023-10-19',522.39,'POSTHD-1MS-SN131.JPG',NULL,1),(1210,'SPRA-ALSL-SN15','SPRA-ALSL',1,'2023-10-01',743.23,'SPRA-ALSL-SN15.JPG',NULL,1),(1211,'SPRA-ALSL-SN115','SPRA-ALSL',11,'2023-09-03',419.77,'SPRA-ALSL-SN115.JPG',NULL,1),(1212,'SPRA-ALSL-SN135','SPRA-ALSL',13,'2023-09-11',386.54,'SPRA-ALSL-SN135.JPG',NULL,1),(1213,'SPRA-ALSL-SN14','SPRA-ALSL',1,'2023-10-24',866.30,'SPRA-ALSL-SN14.JPG',NULL,1),(1214,'SPRA-ALSL-SN114','SPRA-ALSL',11,'2023-10-19',380.87,'SPRA-ALSL-SN114.JPG',NULL,1),(1215,'SPRA-ALSL-SN134','SPRA-ALSL',13,'2023-07-14',339.86,'SPRA-ALSL-SN134.JPG',NULL,1),(1216,'SPRA-ALSL-SN13','SPRA-ALSL',1,'2023-07-25',329.55,'SPRA-ALSL-SN13.JPG',NULL,1),(1217,'SPRA-ALSL-SN113','SPRA-ALSL',11,'2023-07-13',502.64,'SPRA-ALSL-SN113.JPG',NULL,1),(1218,'SPRA-ALSL-SN133','SPRA-ALSL',13,'2023-08-31',284.30,'SPRA-ALSL-SN133.JPG',NULL,1),(1219,'SPRA-ALSL-SN12','SPRA-ALSL',1,'2023-06-24',877.89,'SPRA-ALSL-SN12.JPG',NULL,1),(1220,'SPRA-ALSL-SN112','SPRA-ALSL',11,'2023-09-27',621.21,'SPRA-ALSL-SN112.JPG',NULL,1),(1221,'SPRA-ALSL-SN132','SPRA-ALSL',13,'2023-05-19',301.96,'SPRA-ALSL-SN132.JPG',NULL,1),(1222,'SPRA-ALSL-SN11','SPRA-ALSL',1,'2024-03-24',146.30,'SPRA-ALSL-SN11.JPG',NULL,1),(1223,'SPRA-ALSL-SN111','SPRA-ALSL',11,'2023-07-20',962.11,'SPRA-ALSL-SN111.JPG',NULL,1),(1224,'SPRA-ALSL-SN131','SPRA-ALSL',13,'2024-01-19',763.30,'SPRA-ALSL-SN131.JPG',NULL,1),(1225,'SPRA-ALSPU-SN15','SPRA-ALSPU',1,'2023-08-27',443.74,'SPRA-ALSPU-SN15.JPG',NULL,1),(1226,'SPRA-ALSPU-SN115','SPRA-ALSPU',11,'2023-08-14',661.43,'SPRA-ALSPU-SN115.JPG',NULL,1),(1227,'SPRA-ALSPU-SN135','SPRA-ALSPU',13,'2023-07-08',473.53,'SPRA-ALSPU-SN135.JPG',NULL,1),(1228,'SPRA-ALSPU-SN14','SPRA-ALSPU',1,'2023-11-14',344.09,'SPRA-ALSPU-SN14.JPG',NULL,1),(1229,'SPRA-ALSPU-SN114','SPRA-ALSPU',11,'2023-07-12',476.00,'SPRA-ALSPU-SN114.JPG',NULL,1),(1230,'SPRA-ALSPU-SN134','SPRA-ALSPU',13,'2023-10-28',547.23,'SPRA-ALSPU-SN134.JPG',NULL,1),(1231,'SPRA-ALSPU-SN13','SPRA-ALSPU',1,'2023-07-16',713.36,'SPRA-ALSPU-SN13.JPG',NULL,1),(1232,'SPRA-ALSPU-SN113','SPRA-ALSPU',11,'2023-06-20',528.72,'SPRA-ALSPU-SN113.JPG',NULL,1),(1233,'SPRA-ALSPU-SN133','SPRA-ALSPU',13,'2023-09-14',925.54,'SPRA-ALSPU-SN133.JPG',NULL,1),(1234,'SPRA-ALSPU-SN12','SPRA-ALSPU',1,'2023-10-17',226.75,'SPRA-ALSPU-SN12.JPG',NULL,1),(1235,'SPRA-ALSPU-SN112','SPRA-ALSPU',11,'2023-05-28',478.46,'SPRA-ALSPU-SN112.JPG',NULL,1),(1236,'SPRA-ALSPU-SN132','SPRA-ALSPU',13,'2024-03-05',749.96,'SPRA-ALSPU-SN132.JPG',NULL,1),(1237,'SPRA-ALSPU-SN11','SPRA-ALSPU',1,'2024-05-08',943.04,'SPRA-ALSPU-SN11.JPG',NULL,1),(1238,'SPRA-ALSPU-SN111','SPRA-ALSPU',11,'2023-10-02',368.15,'SPRA-ALSPU-SN111.JPG',NULL,1),(1239,'SPRA-ALSPU-SN131','SPRA-ALSPU',13,'2023-09-30',307.47,'SPRA-ALSPU-SN131.JPG',NULL,1),(1240,'SPRA-BPTR-SN15','SPRA-BPTR',1,'2024-02-04',728.61,'SPRA-BPTR-SN15.JPG',NULL,1),(1241,'SPRA-BPTR-SN115','SPRA-BPTR',11,'2023-09-18',276.31,'SPRA-BPTR-SN115.JPG',NULL,1),(1242,'SPRA-BPTR-SN135','SPRA-BPTR',13,'2024-05-14',492.45,'SPRA-BPTR-SN135.JPG',NULL,1),(1243,'SPRA-BPTR-SN14','SPRA-BPTR',1,'2024-03-16',569.84,'SPRA-BPTR-SN14.JPG',NULL,1),(1244,'SPRA-BPTR-SN114','SPRA-BPTR',11,'2024-04-05',994.79,'SPRA-BPTR-SN114.JPG',NULL,1),(1245,'SPRA-BPTR-SN134','SPRA-BPTR',13,'2023-09-27',272.47,'SPRA-BPTR-SN134.JPG',NULL,1),(1246,'SPRA-BPTR-SN13','SPRA-BPTR',1,'2024-04-26',723.91,'SPRA-BPTR-SN13.JPG',NULL,1),(1247,'SPRA-BPTR-SN113','SPRA-BPTR',11,'2024-01-25',501.93,'SPRA-BPTR-SN113.JPG',NULL,1),(1248,'SPRA-BPTR-SN133','SPRA-BPTR',13,'2024-01-21',321.54,'SPRA-BPTR-SN133.JPG',NULL,1),(1249,'SPRA-BPTR-SN12','SPRA-BPTR',1,'2024-02-04',691.82,'SPRA-BPTR-SN12.JPG',NULL,1),(1250,'SPRA-BPTR-SN112','SPRA-BPTR',11,'2023-12-03',350.78,'SPRA-BPTR-SN112.JPG',NULL,1),(1251,'SPRA-BPTR-SN132','SPRA-BPTR',13,'2024-04-30',438.43,'SPRA-BPTR-SN132.JPG',NULL,1),(1252,'SPRA-BPTR-SN11','SPRA-BPTR',1,'2023-08-15',673.19,'SPRA-BPTR-SN11.JPG',NULL,1),(1253,'SPRA-BPTR-SN111','SPRA-BPTR',11,'2023-06-13',744.68,'SPRA-BPTR-SN111.JPG',NULL,1),(1254,'SPRA-BPTR-SN131','SPRA-BPTR',13,'2023-07-27',890.17,'SPRA-BPTR-SN131.JPG',NULL,1),(1255,'SPRA-KNPS-SN15','SPRA-KNPS',1,'2023-05-26',311.18,'SPRA-KNPS-SN15.JPG',NULL,1),(1256,'SPRA-KNPS-SN115','SPRA-KNPS',11,'2024-02-13',600.89,'SPRA-KNPS-SN115.JPG',NULL,1),(1257,'SPRA-KNPS-SN135','SPRA-KNPS',13,'2024-05-06',516.21,'SPRA-KNPS-SN135.JPG',NULL,1),(1258,'SPRA-KNPS-SN14','SPRA-KNPS',1,'2024-02-20',800.00,'SPRA-KNPS-SN14.JPG',NULL,1),(1259,'SPRA-KNPS-SN114','SPRA-KNPS',11,'2024-03-07',654.15,'SPRA-KNPS-SN114.JPG',NULL,1),(1260,'SPRA-KNPS-SN134','SPRA-KNPS',13,'2023-11-12',728.85,'SPRA-KNPS-SN134.JPG',NULL,1),(1261,'SPRA-KNPS-SN13','SPRA-KNPS',1,'2023-05-29',760.84,'SPRA-KNPS-SN13.JPG',NULL,1),(1262,'SPRA-KNPS-SN113','SPRA-KNPS',11,'2023-08-07',696.36,'SPRA-KNPS-SN113.JPG',NULL,1),(1263,'SPRA-KNPS-SN133','SPRA-KNPS',13,'2023-05-19',983.24,'SPRA-KNPS-SN133.JPG',NULL,1),(1264,'SPRA-KNPS-SN12','SPRA-KNPS',1,'2023-06-13',714.25,'SPRA-KNPS-SN12.JPG',NULL,1),(1265,'SPRA-KNPS-SN112','SPRA-KNPS',11,'2023-09-26',221.56,'SPRA-KNPS-SN112.JPG',NULL,1),(1266,'SPRA-KNPS-SN132','SPRA-KNPS',13,'2023-08-10',481.47,'SPRA-KNPS-SN132.JPG',NULL,1),(1267,'SPRA-KNPS-SN11','SPRA-KNPS',1,'2023-07-21',853.83,'SPRA-KNPS-SN11.JPG',NULL,1),(1268,'SPRA-KNPS-SN111','SPRA-KNPS',11,'2023-08-26',189.58,'SPRA-KNPS-SN111.JPG',NULL,1),(1269,'SPRA-KNPS-SN131','SPRA-KNPS',13,'2024-01-16',417.53,'SPRA-KNPS-SN131.JPG',NULL,1),(1270,'TELEH-25-SN15','TELEH-25',1,'2023-08-07',826.91,'TELEH-25-SN15.JPG',NULL,1),(1271,'TELEH-25-SN115','TELEH-25',11,'2023-08-27',253.43,'TELEH-25-SN115.JPG',NULL,1),(1272,'TELEH-25-SN135','TELEH-25',13,'2023-09-04',973.03,'TELEH-25-SN135.JPG',NULL,1),(1273,'TELEH-25-SN14','TELEH-25',1,'2023-08-12',906.60,'TELEH-25-SN14.JPG',NULL,1),(1274,'TELEH-25-SN114','TELEH-25',11,'2024-03-04',368.17,'TELEH-25-SN114.JPG',NULL,1),(1275,'TELEH-25-SN134','TELEH-25',13,'2023-06-23',635.80,'TELEH-25-SN134.JPG',NULL,1),(1276,'TELEH-25-SN13','TELEH-25',1,'2024-02-02',666.74,'TELEH-25-SN13.JPG',NULL,1),(1277,'TELEH-25-SN113','TELEH-25',11,'2024-01-27',645.76,'TELEH-25-SN113.JPG',NULL,1),(1278,'TELEH-25-SN133','TELEH-25',13,'2024-03-27',868.81,'TELEH-25-SN133.JPG',NULL,1),(1279,'TELEH-25-SN12','TELEH-25',1,'2023-07-04',795.62,'TELEH-25-SN12.JPG',NULL,1),(1280,'TELEH-25-SN112','TELEH-25',11,'2024-02-09',997.55,'TELEH-25-SN112.JPG',NULL,1),(1281,'TELEH-25-SN132','TELEH-25',13,'2024-03-05',992.74,'TELEH-25-SN132.JPG',NULL,1),(1282,'TELEH-25-SN11','TELEH-25',1,'2024-01-02',884.23,'TELEH-25-SN11.JPG',NULL,1),(1283,'TELEH-25-SN111','TELEH-25',11,'2024-02-15',665.73,'TELEH-25-SN111.JPG',NULL,1),(1284,'TELEH-25-SN131','TELEH-25',13,'2023-12-22',190.79,'TELEH-25-SN131.JPG',NULL,1),(1285,'TELEH-35-SN15','TELEH-35',1,'2024-01-22',333.47,'TELEH-35-SN15.JPG',NULL,1),(1286,'TELEH-35-SN115','TELEH-35',11,'2024-01-05',118.85,'TELEH-35-SN115.JPG',NULL,1),(1287,'TELEH-35-SN135','TELEH-35',13,'2024-05-06',156.82,'TELEH-35-SN135.JPG',NULL,1),(1288,'TELEH-35-SN14','TELEH-35',1,'2024-02-18',110.06,'TELEH-35-SN14.JPG',NULL,1),(1289,'TELEH-35-SN114','TELEH-35',11,'2024-01-14',679.66,'TELEH-35-SN114.JPG',NULL,1),(1290,'TELEH-35-SN134','TELEH-35',13,'2024-02-27',223.09,'TELEH-35-SN134.JPG',NULL,1),(1291,'TELEH-35-SN13','TELEH-35',1,'2024-04-30',821.73,'TELEH-35-SN13.JPG',NULL,1),(1292,'TELEH-35-SN113','TELEH-35',11,'2023-06-28',105.08,'TELEH-35-SN113.JPG',NULL,1),(1293,'TELEH-35-SN133','TELEH-35',13,'2023-12-28',900.93,'TELEH-35-SN133.JPG',NULL,1),(1294,'TELEH-35-SN12','TELEH-35',1,'2024-01-25',871.89,'TELEH-35-SN12.JPG',NULL,1),(1295,'TELEH-35-SN112','TELEH-35',11,'2024-01-01',357.62,'TELEH-35-SN112.JPG',NULL,1),(1296,'TELEH-35-SN132','TELEH-35',13,'2024-01-21',747.68,'TELEH-35-SN132.JPG',NULL,1),(1297,'TELEH-35-SN11','TELEH-35',1,'2023-09-21',187.29,'TELEH-35-SN11.JPG',NULL,1),(1298,'TELEH-35-SN111','TELEH-35',11,'2023-11-04',429.42,'TELEH-35-SN111.JPG',NULL,1),(1299,'TELEH-35-SN131','TELEH-35',13,'2024-02-19',173.44,'TELEH-35-SN131.JPG',NULL,1),(1300,'TELEH-40-SN15','TELEH-40',1,'2023-09-03',330.57,'TELEH-40-SN15.JPG',NULL,1),(1301,'TELEH-40-SN115','TELEH-40',11,'2024-03-11',219.87,'TELEH-40-SN115.JPG',NULL,1),(1302,'TELEH-40-SN135','TELEH-40',13,'2024-03-31',302.32,'TELEH-40-SN135.JPG',NULL,1),(1303,'TELEH-40-SN14','TELEH-40',1,'2023-08-16',165.25,'TELEH-40-SN14.JPG',NULL,1),(1304,'TELEH-40-SN114','TELEH-40',11,'2024-04-04',418.96,'TELEH-40-SN114.JPG',NULL,1),(1305,'TELEH-40-SN134','TELEH-40',13,'2023-12-11',172.99,'TELEH-40-SN134.JPG',NULL,1),(1306,'TELEH-40-SN13','TELEH-40',1,'2024-04-02',416.13,'TELEH-40-SN13.JPG',NULL,1),(1307,'TELEH-40-SN113','TELEH-40',11,'2023-12-22',949.52,'TELEH-40-SN113.JPG',NULL,1),(1308,'TELEH-40-SN133','TELEH-40',13,'2023-11-07',795.77,'TELEH-40-SN133.JPG',NULL,1),(1309,'TELEH-40-SN12','TELEH-40',1,'2024-01-26',273.85,'TELEH-40-SN12.JPG',NULL,1),(1310,'TELEH-40-SN112','TELEH-40',11,'2024-04-24',741.17,'TELEH-40-SN112.JPG',NULL,1),(1311,'TELEH-40-SN132','TELEH-40',13,'2023-12-26',817.72,'TELEH-40-SN132.JPG',NULL,1),(1312,'TELEH-40-SN11','TELEH-40',1,'2023-07-19',766.01,'TELEH-40-SN11.JPG',NULL,1),(1313,'TELEH-40-SN111','TELEH-40',11,'2024-02-25',894.83,'TELEH-40-SN111.JPG',NULL,1),(1314,'TELEH-40-SN131','TELEH-40',13,'2023-08-14',207.62,'TELEH-40-SN131.JPG',NULL,1),(1315,'TRAC-20HP-SN15','TRAC-20HP',1,'2024-01-14',391.37,'TRAC-20HP-SN15.JPG',NULL,1),(1316,'TRAC-20HP-SN115','TRAC-20HP',11,'2023-10-06',167.35,'TRAC-20HP-SN115.JPG',NULL,1),(1317,'TRAC-20HP-SN135','TRAC-20HP',13,'2023-10-29',557.43,'TRAC-20HP-SN135.JPG',NULL,1),(1318,'TRAC-20HP-SN14','TRAC-20HP',1,'2023-06-21',985.04,'TRAC-20HP-SN14.JPG',NULL,1),(1319,'TRAC-20HP-SN114','TRAC-20HP',11,'2024-02-28',198.83,'TRAC-20HP-SN114.JPG',NULL,1),(1320,'TRAC-20HP-SN134','TRAC-20HP',13,'2023-06-17',312.38,'TRAC-20HP-SN134.JPG',NULL,1),(1321,'TRAC-20HP-SN13','TRAC-20HP',1,'2023-12-07',545.80,'TRAC-20HP-SN13.JPG',NULL,1),(1322,'TRAC-20HP-SN113','TRAC-20HP',11,'2024-03-20',358.77,'TRAC-20HP-SN113.JPG',NULL,1),(1323,'TRAC-20HP-SN133','TRAC-20HP',13,'2023-05-26',104.39,'TRAC-20HP-SN133.JPG',NULL,1),(1324,'TRAC-20HP-SN12','TRAC-20HP',1,'2024-04-08',554.52,'TRAC-20HP-SN12.JPG',NULL,1),(1325,'TRAC-20HP-SN112','TRAC-20HP',11,'2024-02-28',596.44,'TRAC-20HP-SN112.JPG',NULL,1),(1326,'TRAC-20HP-SN132','TRAC-20HP',13,'2024-04-02',941.64,'TRAC-20HP-SN132.JPG',NULL,1),(1327,'TRAC-20HP-SN11','TRAC-20HP',1,'2024-01-19',823.27,'TRAC-20HP-SN11.JPG',NULL,1),(1328,'TRAC-20HP-SN111','TRAC-20HP',11,'2024-04-26',867.39,'TRAC-20HP-SN111.JPG',NULL,1),(1329,'TRAC-20HP-SN131','TRAC-20HP',13,'2024-04-07',970.93,'TRAC-20HP-SN131.JPG',NULL,1),(1330,'TRAC-30HP-SN15','TRAC-30HP',1,'2023-11-07',741.10,'TRAC-30HP-SN15.JPG',NULL,1),(1331,'TRAC-30HP-SN115','TRAC-30HP',11,'2023-05-19',842.52,'TRAC-30HP-SN115.JPG',NULL,1),(1332,'TRAC-30HP-SN135','TRAC-30HP',13,'2024-03-23',337.94,'TRAC-30HP-SN135.JPG',NULL,1),(1333,'TRAC-30HP-SN14','TRAC-30HP',1,'2023-06-30',638.18,'TRAC-30HP-SN14.JPG',NULL,1),(1334,'TRAC-30HP-SN114','TRAC-30HP',11,'2024-01-07',984.05,'TRAC-30HP-SN114.JPG',NULL,1),(1335,'TRAC-30HP-SN134','TRAC-30HP',13,'2023-07-12',353.35,'TRAC-30HP-SN134.JPG',NULL,1),(1336,'TRAC-30HP-SN13','TRAC-30HP',1,'2023-07-03',557.09,'TRAC-30HP-SN13.JPG',NULL,1),(1337,'TRAC-30HP-SN113','TRAC-30HP',11,'2023-06-12',204.52,'TRAC-30HP-SN113.JPG',NULL,1),(1338,'TRAC-30HP-SN133','TRAC-30HP',13,'2023-07-30',672.15,'TRAC-30HP-SN133.JPG',NULL,1),(1339,'TRAC-30HP-SN12','TRAC-30HP',1,'2023-08-02',130.21,'TRAC-30HP-SN12.JPG',NULL,1),(1340,'TRAC-30HP-SN112','TRAC-30HP',11,'2023-07-27',924.57,'TRAC-30HP-SN112.JPG',NULL,1),(1341,'TRAC-30HP-SN132','TRAC-30HP',13,'2024-03-14',194.90,'TRAC-30HP-SN132.JPG',NULL,1),(1342,'TRAC-30HP-SN11','TRAC-30HP',1,'2024-05-10',782.05,'TRAC-30HP-SN11.JPG',NULL,1),(1343,'TRAC-30HP-SN111','TRAC-30HP',11,'2023-08-18',504.76,'TRAC-30HP-SN111.JPG',NULL,1),(1344,'TRAC-30HP-SN131','TRAC-30HP',13,'2024-05-10',751.98,'TRAC-30HP-SN131.JPG',NULL,1),(1345,'TRAC-45HP-SN15','TRAC-45HP',1,'2023-10-18',744.88,'TRAC-45HP-SN15.JPG',NULL,1),(1346,'TRAC-45HP-SN115','TRAC-45HP',11,'2023-07-11',184.91,'TRAC-45HP-SN115.JPG',NULL,1),(1347,'TRAC-45HP-SN135','TRAC-45HP',13,'2023-06-13',409.32,'TRAC-45HP-SN135.JPG',NULL,1),(1348,'TRAC-45HP-SN14','TRAC-45HP',1,'2023-06-07',712.97,'TRAC-45HP-SN14.JPG',NULL,1),(1349,'TRAC-45HP-SN114','TRAC-45HP',11,'2023-10-17',862.49,'TRAC-45HP-SN114.JPG',NULL,1),(1350,'TRAC-45HP-SN134','TRAC-45HP',13,'2023-11-14',970.52,'TRAC-45HP-SN134.JPG',NULL,1),(1351,'TRAC-45HP-SN13','TRAC-45HP',1,'2024-01-16',777.45,'TRAC-45HP-SN13.JPG',NULL,1),(1352,'TRAC-45HP-SN113','TRAC-45HP',11,'2023-08-08',636.87,'TRAC-45HP-SN113.JPG',NULL,1),(1353,'TRAC-45HP-SN133','TRAC-45HP',13,'2023-09-14',603.42,'TRAC-45HP-SN133.JPG',NULL,1),(1354,'TRAC-45HP-SN12','TRAC-45HP',1,'2023-08-02',333.12,'TRAC-45HP-SN12.JPG',NULL,1),(1355,'TRAC-45HP-SN112','TRAC-45HP',11,'2023-06-10',898.46,'TRAC-45HP-SN112.JPG',NULL,1),(1356,'TRAC-45HP-SN132','TRAC-45HP',13,'2023-09-26',572.78,'TRAC-45HP-SN132.JPG',NULL,1),(1357,'TRAC-45HP-SN11','TRAC-45HP',1,'2023-08-29',996.62,'TRAC-45HP-SN11.JPG',NULL,1),(1358,'TRAC-45HP-SN111','TRAC-45HP',11,'2023-07-15',280.73,'TRAC-45HP-SN111.JPG',NULL,1),(1359,'TRAC-45HP-SN131','TRAC-45HP',13,'2023-11-19',864.34,'TRAC-45HP-SN131.JPG',NULL,1),(1511,'AHM-SN15985','CHAIN-40HYD',1,'2023-05-23',592.95,'AHM-SN15985.JPG',NULL,0),(1512,'AHM-SN15986','CHAIN-40HYD',2,'2023-05-24',376.01,'AHM-SN15986.JPG',NULL,-1),(1513,'AHM-SN15987','CHAIN-40HYD',3,'2023-05-25',907.64,'AHM-SN15987.JPG',NULL,0),(1514,'AHM-SN15988','CHAIN-40HYD',4,'2023-05-26',361.05,'AHM-SN15988.JPG',NULL,-1),(1515,'AHM-SN15989','CHAIN-40HYD',5,'2023-05-27',491.11,'AHM-SN15989.JPG',NULL,-1),(1516,'AHM-SN15990','CHAIN-40HYD',6,'2023-05-28',681.69,'AHM-SN15990.JPG',NULL,0),(1517,'AHM-SN15991','CHAIN-40HYD',7,'2023-05-29',432.18,'AHM-SN15991.JPG',NULL,-1),(1518,'AHM-SN15992','CHAIN-40HYD',8,'2023-05-30',276.23,'AHM-SN15992.JPG',NULL,0),(1519,'AHM-SN15993','CHAIN-40HYD',9,'2023-05-31',458.70,'AHM-SN15993.JPG',NULL,-1),(1520,'AHM-SN15994','CHAIN-40HYD',10,'2023-06-01',829.32,'AHM-SN15994.JPG',NULL,-1),(1521,'AHM-SN15995','CHAIN-40HYD',11,'2023-06-02',828.72,'AHM-SN15995.JPG',NULL,-1),(1522,'AHM-SN15996','CHAIN-40HYD',12,'2023-06-03',181.87,'AHM-SN15996.JPG',NULL,0),(1523,'AHM-SN15997','CHAIN-40HYD',13,'2023-06-04',497.02,'AHM-SN15997.JPG',NULL,0),(1524,'AHM-SN15998','CHAIN-40HYD',14,'2023-06-05',606.60,'AHM-SN15998.JPG',NULL,0),(1525,'AHM-SN15999','CHAIN-40HYD',15,'2023-06-06',752.20,'AHM-SN15999.JPG',NULL,-1),(1526,'AHM-SN16000','CHAIN-40PTR',16,'2023-06-07',732.48,'AHM-SN16000.JPG',NULL,-1),(1527,'AHM-SN16001','CHAIN-40PTR',17,'2023-06-08',847.28,'AHM-SN16001.JPG',NULL,-1),(1528,'AHM-SN16002','CHAIN-40PTR',18,'2023-06-09',506.00,'AHM-SN16002.JPG',NULL,0),(1529,'AHM-SN16003','CHAIN-40PTR',1,'2023-06-10',188.55,'AHM-SN16003.JPG',NULL,-1),(1530,'AHM-SN16004','CHAIN-40PTR',2,'2023-06-11',828.33,'AHM-SN16004.JPG',NULL,-1),(1531,'AHM-SN16005','CHAIN-40PTR',3,'2023-06-12',541.32,'AHM-SN16005.JPG',NULL,0),(1532,'AHM-SN16006','CHAIN-40PTR',4,'2023-06-13',130.12,'AHM-SN16006.JPG',NULL,0),(1533,'AHM-SN16007','CHAIN-40PTR',5,'2023-06-14',300.48,'AHM-SN16007.JPG',NULL,0),(1534,'AHM-SN16008','CHAIN-40PTR',6,'2023-06-15',938.01,'AHM-SN16008.JPG',NULL,0),(1535,'AHM-SN16009','CHAIN-40PTR',7,'2023-06-16',717.84,'AHM-SN16009.JPG',NULL,0),(1536,'AHM-SN16010','CHAIN-40PTR',8,'2023-06-17',696.88,'AHM-SN16010.JPG',NULL,0),(1537,'AHM-SN16011','CHAIN-40PTR',9,'2023-06-18',480.17,'AHM-SN16011.JPG',NULL,-1),(1538,'AHM-SN16012','CHAIN-40PTR',10,'2023-06-19',151.29,'AHM-SN16012.JPG',NULL,-1),(1539,'AHM-SN16013','CHAIN-40PTR',11,'2023-06-20',353.03,'AHM-SN16013.JPG',NULL,0),(1540,'AHM-SN16014','CHAIN-40PTR',12,'2023-06-21',846.01,'AHM-SN16014.JPG',NULL,0),(1541,'AHM-SN16015','CHAIN-45PTR',13,'2023-06-22',296.80,'AHM-SN16015.JPG',NULL,-1),(1542,'AHM-SN16016','CHAIN-45PTR',14,'2023-06-23',725.24,'AHM-SN16016.JPG',NULL,-1),(1543,'AHM-SN16017','CHAIN-45PTR',15,'2023-06-24',308.38,'AHM-SN16017.JPG',NULL,0),(1544,'AHM-SN16018','CHAIN-45PTR',16,'2023-06-25',231.95,'AHM-SN16018.JPG',NULL,-1),(1545,'AHM-SN16019','CHAIN-45PTR',17,'2023-06-26',731.66,'AHM-SN16019.JPG',NULL,0),(1546,'AHM-SN16020','CHAIN-45PTR',18,'2023-06-27',113.99,'AHM-SN16020.JPG',NULL,0),(1547,'AHM-SN16021','CHAIN-45PTR',1,'2023-06-28',980.87,'AHM-SN16021.JPG',NULL,-1),(1548,'AHM-SN16022','CHAIN-45PTR',2,'2023-06-29',510.65,'AHM-SN16022.JPG',NULL,0),(1549,'AHM-SN16023','CHAIN-45PTR',3,'2023-06-30',874.58,'AHM-SN16023.JPG',NULL,-1),(1550,'AHM-SN16024','CHAIN-45PTR',4,'2023-07-01',321.13,'AHM-SN16024.JPG',NULL,-1),(1551,'AHM-SN16025','CHAIN-45PTR',5,'2023-07-02',930.18,'AHM-SN16025.JPG',NULL,0),(1552,'AHM-SN16026','CHAIN-45PTR',6,'2023-07-03',383.20,'AHM-SN16026.JPG',NULL,-1),(1553,'AHM-SN16027','CHAIN-45PTR',7,'2023-07-04',709.31,'AHM-SN16027.JPG',NULL,-1),(1554,'AHM-SN16028','CHAIN-45PTR',8,'2023-07-05',128.01,'AHM-SN16028.JPG',NULL,-1),(1555,'AHM-SN16029','CHAIN-45PTR',9,'2023-07-06',548.34,'AHM-SN16029.JPG',NULL,-1),(1556,'AHM-SN16030','CMIX-BRW006',10,'2023-07-07',266.32,'AHM-SN16030.JPG',NULL,0),(1557,'AHM-SN16031','CMIX-BRW006',11,'2023-07-08',125.15,'AHM-SN16031.JPG',NULL,0),(1558,'AHM-SN16032','CMIX-BRW006',12,'2023-07-09',881.00,'AHM-SN16032.JPG',NULL,0),(1559,'AHM-SN16033','CMIX-BRW006',13,'2023-07-10',312.57,'AHM-SN16033.JPG',NULL,0),(1560,'AHM-SN16034','CMIX-BRW006',14,'2023-07-11',709.77,'AHM-SN16034.JPG',NULL,-1),(1561,'AHM-SN16035','CMIX-BRW006',15,'2023-07-12',772.57,'AHM-SN16035.JPG',NULL,0),(1562,'AHM-SN16036','CMIX-BRW006',16,'2023-07-13',190.81,'AHM-SN16036.JPG',NULL,0),(1563,'AHM-SN16037','CMIX-BRW006',17,'2023-07-14',272.33,'AHM-SN16037.JPG',NULL,0),(1564,'AHM-SN16038','CMIX-BRW006',18,'2023-07-15',756.92,'AHM-SN16038.JPG',NULL,-1),(1565,'AHM-SN16039','CMIX-BRW006',1,'2023-07-16',230.61,'AHM-SN16039.JPG',NULL,-1),(1566,'AHM-SN16040','CMIX-BRW006',2,'2023-07-17',269.22,'AHM-SN16040.JPG',NULL,-1),(1567,'AHM-SN16041','CMIX-BRW006',3,'2023-07-18',339.69,'AHM-SN16041.JPG',NULL,-1),(1568,'AHM-SN16042','CMIX-BRW006',4,'2023-07-19',431.20,'AHM-SN16042.JPG',NULL,0),(1569,'AHM-SN16043','CMIX-BRW006',5,'2023-07-20',635.64,'AHM-SN16043.JPG',NULL,-1),(1570,'AHM-SN16044','CMIX-BRW006',6,'2023-07-21',996.23,'AHM-SN16044.JPG',NULL,0),(1571,'AHM-SN16045','CMIX-PTR01',7,'2023-07-22',607.66,'AHM-SN16045.JPG',NULL,0),(1572,'AHM-SN16046','CMIX-PTR01',8,'2023-07-23',779.43,'AHM-SN16046.JPG',NULL,-1),(1573,'AHM-SN16047','CMIX-PTR01',9,'2023-07-24',340.22,'AHM-SN16047.JPG',NULL,0),(1574,'AHM-SN16048','CMIX-PTR01',10,'2023-07-25',349.33,'AHM-SN16048.JPG',NULL,-1),(1575,'AHM-SN16049','CMIX-PTR01',11,'2023-07-26',875.28,'AHM-SN16049.JPG',NULL,0),(1576,'AHM-SN16050','CMIX-PTR01',12,'2023-07-27',886.42,'AHM-SN16050.JPG',NULL,0),(1577,'AHM-SN16051','CMIX-PTR01',13,'2023-07-28',864.45,'AHM-SN16051.JPG',NULL,-1),(1578,'AHM-SN16052','CMIX-PTR01',14,'2023-07-29',346.85,'AHM-SN16052.JPG',NULL,0),(1579,'AHM-SN16053','CMIX-PTR01',15,'2023-07-30',609.99,'AHM-SN16053.JPG',NULL,0),(1580,'AHM-SN16054','CMIX-PTR01',16,'2023-07-31',368.23,'AHM-SN16054.JPG',NULL,-1),(1581,'AHM-SN16055','CMIX-PTR01',17,'2023-08-01',606.48,'AHM-SN16055.JPG',NULL,0),(1582,'AHM-SN16056','CMIX-PTR01',18,'2023-08-02',109.01,'AHM-SN16056.JPG',NULL,0),(1583,'AHM-SN16057','CMIX-PTR01',1,'2023-08-03',212.97,'AHM-SN16057.JPG',NULL,0),(1584,'AHM-SN16058','CMIX-PTR01',2,'2023-08-04',365.23,'AHM-SN16058.JPG',NULL,-1),(1585,'AHM-SN16059','CMIX-PTR01',3,'2023-08-05',522.64,'AHM-SN16059.JPG',NULL,0),(1586,'AHM-SN16060','CMIX-PTR01T',4,'2023-08-06',343.17,'AHM-SN16060.JPG',NULL,0),(1587,'AHM-SN16061','CMIX-PTR01T',5,'2023-08-07',916.42,'AHM-SN16061.JPG',NULL,0),(1588,'AHM-SN16062','CMIX-PTR01T',6,'2023-08-08',823.38,'AHM-SN16062.JPG',NULL,-1),(1589,'AHM-SN16063','CMIX-PTR01T',7,'2023-08-09',196.40,'AHM-SN16063.JPG',NULL,-1),(1590,'AHM-SN16064','CMIX-PTR01T',8,'2023-08-10',821.28,'AHM-SN16064.JPG',NULL,0),(1591,'AHM-SN16065','CMIX-PTR01T',9,'2023-08-11',336.72,'AHM-SN16065.JPG',NULL,-1),(1592,'AHM-SN16066','CMIX-PTR01T',10,'2023-08-12',806.18,'AHM-SN16066.JPG',NULL,0),(1593,'AHM-SN16067','CMIX-PTR01T',11,'2023-08-13',587.00,'AHM-SN16067.JPG',NULL,-1),(1594,'AHM-SN16068','CMIX-PTR01T',12,'2023-08-14',297.38,'AHM-SN16068.JPG',NULL,-1),(1595,'AHM-SN16069','CMIX-PTR01T',13,'2023-08-15',367.14,'AHM-SN16069.JPG',NULL,-1),(1596,'AHM-SN16070','CMIX-PTR01T',14,'2023-08-16',699.23,'AHM-SN16070.JPG',NULL,0),(1597,'AHM-SN16071','CMIX-PTR01T',15,'2023-08-17',981.05,'AHM-SN16071.JPG',NULL,0),(1598,'AHM-SN16072','CMIX-PTR01T',16,'2023-08-18',646.86,'AHM-SN16072.JPG',NULL,0),(1599,'AHM-SN16073','CMIX-PTR01T',17,'2023-08-19',760.96,'AHM-SN16073.JPG',NULL,-1),(1600,'AHM-SN16074','CMIX-PTR01T',18,'2023-08-20',536.44,'AHM-SN16074.JPG',NULL,-1),(1601,'AHM-SN16075','EXCV-30T',1,'2023-08-21',643.65,'AHM-SN16075.JPG',NULL,0),(1602,'AHM-SN16076','EXCV-30T',2,'2023-08-22',201.51,'AHM-SN16076.JPG',NULL,0),(1603,'AHM-SN16077','EXCV-30T',3,'2023-08-23',735.84,'AHM-SN16077.JPG',NULL,-1),(1604,'AHM-SN16078','EXCV-30T',4,'2023-08-24',467.32,'AHM-SN16078.JPG',NULL,0),(1605,'AHM-SN16079','EXCV-30T',5,'2023-08-25',456.49,'AHM-SN16079.JPG',NULL,-1),(1606,'AHM-SN16080','EXCV-30T',6,'2023-08-26',867.37,'AHM-SN16080.JPG',NULL,0),(1607,'AHM-SN16081','EXCV-30T',7,'2023-08-27',671.61,'AHM-SN16081.JPG',NULL,-1),(1608,'AHM-SN16082','EXCV-30T',8,'2023-08-28',454.35,'AHM-SN16082.JPG',NULL,-1),(1609,'AHM-SN16083','EXCV-30T',9,'2023-08-29',788.07,'AHM-SN16083.JPG',NULL,-1),(1610,'AHM-SN16084','EXCV-30T',10,'2023-08-30',984.25,'AHM-SN16084.JPG',NULL,0),(1611,'AHM-SN16085','EXCV-30T',11,'2023-08-31',808.17,'AHM-SN16085.JPG',NULL,0),(1612,'AHM-SN16086','EXCV-30T',12,'2023-09-01',196.87,'AHM-SN16086.JPG',NULL,-1),(1613,'AHM-SN16087','EXCV-30T',13,'2023-09-02',967.08,'AHM-SN16087.JPG',NULL,-1),(1614,'AHM-SN16088','EXCV-30T',14,'2023-09-03',402.65,'AHM-SN16088.JPG',NULL,0),(1615,'AHM-SN16089','EXCV-30T',15,'2023-09-04',746.61,'AHM-SN16089.JPG',NULL,-1),(1616,'AHM-SN16090','EXCV-TOW',16,'2023-09-05',661.66,'AHM-SN16090.JPG',NULL,0),(1617,'AHM-SN16091','EXCV-TOW',17,'2023-09-06',452.14,'AHM-SN16091.JPG',NULL,-1),(1618,'AHM-SN16092','EXCV-TOW',18,'2023-09-07',835.73,'AHM-SN16092.JPG',NULL,0),(1619,'AHM-SN16093','EXCV-TOW',1,'2023-09-08',109.67,'AHM-SN16093.JPG',NULL,0),(1620,'AHM-SN16094','EXCV-TOW',2,'2023-09-09',862.20,'AHM-SN16094.JPG',NULL,0),(1621,'AHM-SN16095','EXCV-TOW',3,'2023-09-10',994.69,'AHM-SN16095.JPG',NULL,0),(1622,'AHM-SN16096','EXCV-TOW',4,'2023-09-11',339.36,'AHM-SN16096.JPG',NULL,-1),(1623,'AHM-SN16097','EXCV-TOW',5,'2023-09-12',195.55,'AHM-SN16097.JPG',NULL,0),(1624,'AHM-SN16098','EXCV-TOW',6,'2023-09-13',661.21,'AHM-SN16098.JPG',NULL,-1),(1625,'AHM-SN16099','EXCV-TOW',7,'2023-09-14',903.08,'AHM-SN16099.JPG',NULL,-1),(1626,'AHM-SN16100','EXCV-TOW',8,'2023-09-15',407.60,'AHM-SN16100.JPG',NULL,0),(1627,'AHM-SN16101','EXCV-TOW',9,'2023-09-16',516.62,'AHM-SN16101.JPG',NULL,-1),(1628,'AHM-SN16102','EXCV-TOW',10,'2023-09-17',747.41,'AHM-SN16102.JPG',NULL,0),(1629,'AHM-SN16103','EXCV-TOW',11,'2023-09-18',551.14,'AHM-SN16103.JPG',NULL,-1),(1630,'AHM-SN16104','EXCV-TOW',12,'2023-09-19',145.02,'AHM-SN16104.JPG',NULL,-1),(1631,'AHM-SN16105','EXCV-TOWTS',13,'2023-09-20',495.16,'AHM-SN16105.JPG',NULL,-1),(1632,'AHM-SN16106','EXCV-TOWTS',14,'2023-09-21',902.84,'AHM-SN16106.JPG',NULL,0),(1633,'AHM-SN16107','EXCV-TOWTS',15,'2023-09-22',997.56,'AHM-SN16107.JPG',NULL,-1),(1634,'AHM-SN16108','EXCV-TOWTS',16,'2023-09-23',927.98,'AHM-SN16108.JPG',NULL,0),(1635,'AHM-SN16109','EXCV-TOWTS',17,'2023-09-24',553.57,'AHM-SN16109.JPG',NULL,0),(1636,'AHM-SN16110','EXCV-TOWTS',18,'2023-09-25',366.10,'AHM-SN16110.JPG',NULL,0),(1637,'AHM-SN16111','EXCV-TOWTS',1,'2023-09-26',173.71,'AHM-SN16111.JPG',NULL,-1),(1638,'AHM-SN16112','EXCV-TOWTS',2,'2023-09-27',905.68,'AHM-SN16112.JPG',NULL,-1),(1639,'AHM-SN16113','EXCV-TOWTS',3,'2023-09-28',344.53,'AHM-SN16113.JPG',NULL,0),(1640,'AHM-SN16114','EXCV-TOWTS',4,'2023-09-29',194.88,'AHM-SN16114.JPG',NULL,0),(1641,'AHM-SN16115','EXCV-TOWTS',5,'2023-09-30',602.05,'AHM-SN16115.JPG',NULL,-1),(1642,'AHM-SN16116','EXCV-TOWTS',6,'2023-10-01',684.94,'AHM-SN16116.JPG',NULL,0),(1643,'AHM-SN16117','EXCV-TOWTS',7,'2023-10-02',395.49,'AHM-SN16117.JPG',NULL,-1),(1644,'AHM-SN16118','EXCV-TOWTS',8,'2023-10-03',449.83,'AHM-SN16118.JPG',NULL,-1),(1645,'AHM-SN16119','EXCV-TOWTS',9,'2023-10-04',487.32,'AHM-SN16119.JPG',NULL,-1),(1646,'AHM-SN16120','LAWN-CDLES',10,'2023-10-05',710.71,'AHM-SN16120.JPG',NULL,0),(1647,'AHM-SN16121','LAWN-CDLES',11,'2023-10-06',117.54,'AHM-SN16121.JPG',NULL,0),(1648,'AHM-SN16122','LAWN-CDLES',12,'2023-10-07',336.95,'AHM-SN16122.JPG',NULL,0),(1649,'AHM-SN16123','LAWN-CDLES',13,'2023-10-08',844.18,'AHM-SN16123.JPG',NULL,-1),(1650,'AHM-SN16124','LAWN-CDLES',14,'2023-10-09',406.87,'AHM-SN16124.JPG',NULL,-1),(1651,'AHM-SN16125','LAWN-CDLES',15,'2023-10-10',132.97,'AHM-SN16125.JPG',NULL,0),(1652,'AHM-SN16126','LAWN-CDLES',16,'2023-10-11',664.56,'AHM-SN16126.JPG',NULL,0),(1653,'AHM-SN16127','LAWN-CDLES',17,'2023-10-12',629.99,'AHM-SN16127.JPG',NULL,0),(1654,'AHM-SN16128','LAWN-CDLES',18,'2023-10-13',588.78,'AHM-SN16128.JPG',NULL,-1),(1655,'AHM-SN16129','LAWN-CDLES',1,'2023-10-14',116.95,'AHM-SN16129.JPG',NULL,0),(1656,'AHM-SN16130','LAWN-CDLES',2,'2023-10-15',522.95,'AHM-SN16130.JPG',NULL,-1),(1657,'AHM-SN16131','LAWN-CDLES',3,'2023-10-16',783.57,'AHM-SN16131.JPG',NULL,0),(1658,'AHM-SN16132','LAWN-CDLES',4,'2023-10-17',281.20,'AHM-SN16132.JPG',NULL,-1),(1659,'AHM-SN16133','LAWN-CDLES',5,'2023-10-18',990.79,'AHM-SN16133.JPG',NULL,0),(1660,'AHM-SN16134','LAWN-CDLES',6,'2023-10-19',994.13,'AHM-SN16134.JPG',NULL,0),(1661,'AHM-SN16135','LAWN-COPTR',7,'2023-10-20',971.45,'AHM-SN16135.JPG',NULL,0),(1662,'AHM-SN16136','LAWN-COPTR',8,'2023-10-21',510.36,'AHM-SN16136.JPG',NULL,-1),(1663,'AHM-SN16137','LAWN-COPTR',9,'2023-10-22',953.86,'AHM-SN16137.JPG',NULL,0),(1664,'AHM-SN16138','LAWN-COPTR',10,'2023-10-23',930.01,'AHM-SN16138.JPG',NULL,-1),(1665,'AHM-SN16139','LAWN-COPTR',11,'2023-10-24',985.45,'AHM-SN16139.JPG',NULL,-1),(1666,'AHM-SN16140','LAWN-COPTR',12,'2023-10-25',453.46,'AHM-SN16140.JPG',NULL,0),(1667,'AHM-SN16141','LAWN-COPTR',13,'2023-10-26',646.71,'AHM-SN16141.JPG',NULL,0),(1668,'AHM-SN16142','LAWN-COPTR',14,'2023-10-27',106.36,'AHM-SN16142.JPG',NULL,0),(1669,'AHM-SN16143','LAWN-COPTR',15,'2023-10-28',700.36,'AHM-SN16143.JPG',NULL,0),(1670,'AHM-SN16144','LAWN-COPTR',16,'2023-10-29',649.66,'AHM-SN16144.JPG',NULL,-1),(1671,'AHM-SN16145','LAWN-COPTR',17,'2023-10-30',640.27,'AHM-SN16145.JPG',NULL,-1),(1672,'AHM-SN16146','LAWN-COPTR',18,'2023-10-31',918.22,'AHM-SN16146.JPG',NULL,0),(1673,'AHM-SN16147','LAWN-COPTR',1,'2023-11-01',883.81,'AHM-SN16147.JPG',NULL,0),(1674,'AHM-SN16148','LAWN-COPTR',2,'2023-11-02',428.45,'AHM-SN16148.JPG',NULL,0),(1675,'AHM-SN16149','LAWN-COPTR',3,'2023-11-03',186.17,'AHM-SN16149.JPG',NULL,-1),(1676,'AHM-SN16150','LAWN-LTRM',4,'2023-11-04',581.11,'AHM-SN16150.JPG',NULL,-1),(1677,'AHM-SN16151','LAWN-LTRM',5,'2023-11-05',365.69,'AHM-SN16151.JPG',NULL,-1),(1678,'AHM-SN16152','LAWN-LTRM',6,'2023-11-06',818.16,'AHM-SN16152.JPG',NULL,-1),(1679,'AHM-SN16153','LAWN-LTRM',7,'2023-11-07',553.81,'AHM-SN16153.JPG',NULL,-1),(1680,'AHM-SN16154','LAWN-LTRM',8,'2023-11-08',458.94,'AHM-SN16154.JPG',NULL,-1),(1681,'AHM-SN16155','LAWN-LTRM',9,'2023-11-09',135.49,'AHM-SN16155.JPG',NULL,0),(1682,'AHM-SN16156','LAWN-LTRM',10,'2023-11-10',243.84,'AHM-SN16156.JPG',NULL,-1),(1683,'AHM-SN16157','LAWN-LTRM',11,'2023-11-11',713.60,'AHM-SN16157.JPG',NULL,0),(1684,'AHM-SN16158','LAWN-LTRM',12,'2023-11-12',563.77,'AHM-SN16158.JPG',NULL,-1),(1685,'AHM-SN16159','LAWN-LTRM',13,'2023-11-13',689.34,'AHM-SN16159.JPG',NULL,0),(1686,'AHM-SN16160','LAWN-LTRM',14,'2023-11-14',823.54,'AHM-SN16160.JPG',NULL,-1),(1687,'AHM-SN16161','LAWN-LTRM',15,'2023-11-15',443.11,'AHM-SN16161.JPG',NULL,0),(1688,'AHM-SN16162','LAWN-LTRM',16,'2023-11-16',107.19,'AHM-SN16162.JPG',NULL,0),(1689,'AHM-SN16163','LAWN-LTRM',17,'2023-11-17',748.63,'AHM-SN16163.JPG',NULL,-1),(1690,'AHM-SN16164','LAWN-LTRM',18,'2023-11-18',659.33,'AHM-SN16164.JPG',NULL,0),(1691,'AHM-SN16165','POSTHD-1MPC',1,'2023-11-19',389.60,'AHM-SN16165.JPG',NULL,0),(1692,'AHM-SN16166','POSTHD-1MPC',2,'2023-11-20',568.39,'AHM-SN16166.JPG',NULL,-1),(1693,'AHM-SN16167','POSTHD-1MPC',3,'2023-11-21',993.00,'AHM-SN16167.JPG',NULL,-1),(1694,'AHM-SN16168','POSTHD-1MPC',4,'2023-11-22',251.54,'AHM-SN16168.JPG',NULL,0),(1695,'AHM-SN16169','POSTHD-1MPC',5,'2023-11-23',342.23,'AHM-SN16169.JPG',NULL,-1),(1696,'AHM-SN16170','POSTHD-1MPC',6,'2023-11-24',638.48,'AHM-SN16170.JPG',NULL,-1),(1697,'AHM-SN16171','POSTHD-1MPC',7,'2023-11-25',951.13,'AHM-SN16171.JPG',NULL,0),(1698,'AHM-SN16172','POSTHD-1MPC',8,'2023-11-26',625.16,'AHM-SN16172.JPG',NULL,0),(1699,'AHM-SN16173','POSTHD-1MPC',9,'2023-11-27',617.82,'AHM-SN16173.JPG',NULL,0),(1700,'AHM-SN16174','POSTHD-1MPC',10,'2023-11-28',712.23,'AHM-SN16174.JPG',NULL,0),(1701,'AHM-SN16175','POSTHD-1MPC',11,'2023-11-29',771.92,'AHM-SN16175.JPG',NULL,0),(1702,'AHM-SN16176','POSTHD-1MPC',12,'2023-11-30',156.48,'AHM-SN16176.JPG',NULL,-1),(1703,'AHM-SN16177','POSTHD-1MPC',13,'2023-12-01',525.87,'AHM-SN16177.JPG',NULL,-1),(1704,'AHM-SN16178','POSTHD-1MPC',14,'2023-12-02',483.17,'AHM-SN16178.JPG',NULL,0),(1705,'AHM-SN16179','POSTHD-1MPC',15,'2023-12-03',847.47,'AHM-SN16179.JPG',NULL,0),(1706,'AHM-SN16180','POSTHD-1MS',16,'2023-12-04',953.30,'AHM-SN16180.JPG',NULL,-1),(1707,'AHM-SN16181','POSTHD-1MS',17,'2023-12-05',585.59,'AHM-SN16181.JPG',NULL,0),(1708,'AHM-SN16182','POSTHD-1MS',18,'2023-12-06',746.40,'AHM-SN16182.JPG',NULL,-1),(1709,'AHM-SN16183','POSTHD-1MS',1,'2023-12-07',811.29,'AHM-SN16183.JPG',NULL,-1),(1710,'AHM-SN16184','POSTHD-1MS',2,'2023-12-08',597.00,'AHM-SN16184.JPG',NULL,0),(1711,'AHM-SN16185','POSTHD-1MS',3,'2023-12-09',441.40,'AHM-SN16185.JPG',NULL,-1),(1712,'AHM-SN16186','POSTHD-1MS',4,'2023-12-10',313.57,'AHM-SN16186.JPG',NULL,0),(1713,'AHM-SN16187','POSTHD-1MS',5,'2023-12-11',185.16,'AHM-SN16187.JPG',NULL,0),(1714,'AHM-SN16188','POSTHD-1MS',6,'2023-12-12',695.88,'AHM-SN16188.JPG',NULL,0),(1715,'AHM-SN16189','POSTHD-1MS',7,'2023-12-13',755.33,'AHM-SN16189.JPG',NULL,0),(1716,'AHM-SN16190','POSTHD-1MS',8,'2023-12-14',888.26,'AHM-SN16190.JPG',NULL,0),(1717,'AHM-SN16191','POSTHD-1MS',9,'2023-12-15',179.01,'AHM-SN16191.JPG',NULL,-1),(1718,'AHM-SN16192','POSTHD-1MS',10,'2023-12-16',806.91,'AHM-SN16192.JPG',NULL,0),(1719,'AHM-SN16193','POSTHD-1MS',11,'2023-12-17',220.24,'AHM-SN16193.JPG',NULL,0),(1720,'AHM-SN16194','POSTHD-1MS',12,'2023-12-18',522.39,'AHM-SN16194.JPG',NULL,0),(1721,'AHM-SN16195','SPRA-ALSL',13,'2023-12-19',743.23,'AHM-SN16195.JPG',NULL,0),(1722,'AHM-SN16196','SPRA-ALSL',14,'2023-12-20',419.77,'AHM-SN16196.JPG',NULL,0),(1723,'AHM-SN16197','SPRA-ALSL',15,'2023-12-21',386.54,'AHM-SN16197.JPG',NULL,-1),(1724,'AHM-SN16198','SPRA-ALSL',16,'2023-12-22',866.30,'AHM-SN16198.JPG',NULL,-1),(1725,'AHM-SN16199','SPRA-ALSL',17,'2023-12-23',380.87,'AHM-SN16199.JPG',NULL,0),(1726,'AHM-SN16200','SPRA-ALSL',18,'2023-12-24',339.86,'AHM-SN16200.JPG',NULL,0),(1727,'AHM-SN16201','SPRA-ALSL',1,'2023-12-25',329.55,'AHM-SN16201.JPG',NULL,-1),(1728,'AHM-SN16202','SPRA-ALSL',2,'2023-12-26',502.64,'AHM-SN16202.JPG',NULL,-1),(1729,'AHM-SN16203','SPRA-ALSL',3,'2023-12-27',284.30,'AHM-SN16203.JPG',NULL,0),(1730,'AHM-SN16204','SPRA-ALSL',4,'2023-12-28',877.89,'AHM-SN16204.JPG',NULL,0),(1731,'AHM-SN16205','SPRA-ALSL',5,'2023-12-29',621.21,'AHM-SN16205.JPG',NULL,0),(1732,'AHM-SN16206','SPRA-ALSL',6,'2023-12-30',301.96,'AHM-SN16206.JPG',NULL,-1),(1733,'AHM-SN16207','SPRA-ALSL',7,'2023-12-31',146.30,'AHM-SN16207.JPG',NULL,0),(1734,'AHM-SN16208','SPRA-ALSL',8,'2024-01-01',962.11,'AHM-SN16208.JPG',NULL,0),(1735,'AHM-SN16209','SPRA-ALSL',9,'2024-01-02',763.30,'AHM-SN16209.JPG',NULL,-1),(1736,'AHM-SN16210','SPRA-ALSPU',10,'2024-01-03',443.74,'AHM-SN16210.JPG',NULL,0),(1737,'AHM-SN16211','SPRA-ALSPU',11,'2024-01-04',661.43,'AHM-SN16211.JPG',NULL,0),(1738,'AHM-SN16212','SPRA-ALSPU',12,'2024-01-05',473.53,'AHM-SN16212.JPG',NULL,0),(1739,'AHM-SN16213','SPRA-ALSPU',13,'2024-01-06',344.09,'AHM-SN16213.JPG',NULL,0),(1740,'AHM-SN16214','SPRA-ALSPU',14,'2024-01-07',476.00,'AHM-SN16214.JPG',NULL,-1),(1741,'AHM-SN16215','SPRA-ALSPU',15,'2024-01-08',547.23,'AHM-SN16215.JPG',NULL,-1),(1742,'AHM-SN16216','SPRA-ALSPU',16,'2024-01-09',713.36,'AHM-SN16216.JPG',NULL,-1),(1743,'AHM-SN16217','SPRA-ALSPU',17,'2024-01-10',528.72,'AHM-SN16217.JPG',NULL,-1),(1744,'AHM-SN16218','SPRA-ALSPU',18,'2024-01-11',925.54,'AHM-SN16218.JPG',NULL,-1),(1745,'AHM-SN16219','SPRA-ALSPU',1,'2024-01-12',226.75,'AHM-SN16219.JPG',NULL,0),(1746,'AHM-SN16220','SPRA-ALSPU',2,'2024-01-13',478.46,'AHM-SN16220.JPG',NULL,0),(1747,'AHM-SN16221','SPRA-ALSPU',3,'2024-01-14',749.96,'AHM-SN16221.JPG',NULL,0),(1748,'AHM-SN16222','SPRA-ALSPU',4,'2024-01-15',943.04,'AHM-SN16222.JPG',NULL,-1),(1749,'AHM-SN16223','SPRA-ALSPU',5,'2024-01-16',368.15,'AHM-SN16223.JPG',NULL,-1),(1750,'AHM-SN16224','SPRA-ALSPU',6,'2024-01-17',307.47,'AHM-SN16224.JPG',NULL,-1),(1751,'AHM-SN16225','SPRA-BPTR',7,'2024-01-18',728.61,'AHM-SN16225.JPG',NULL,0),(1752,'AHM-SN16226','SPRA-BPTR',8,'2024-01-19',276.31,'AHM-SN16226.JPG',NULL,-1),(1753,'AHM-SN16227','SPRA-BPTR',9,'2024-01-20',492.45,'AHM-SN16227.JPG',NULL,0),(1754,'AHM-SN16228','SPRA-BPTR',10,'2024-01-21',569.84,'AHM-SN16228.JPG',NULL,0),(1755,'AHM-SN16229','SPRA-BPTR',11,'2024-01-22',994.79,'AHM-SN16229.JPG',NULL,-1),(1756,'AHM-SN16230','SPRA-BPTR',12,'2024-01-23',272.47,'AHM-SN16230.JPG',NULL,-1),(1757,'AHM-SN16231','SPRA-BPTR',13,'2024-01-24',723.91,'AHM-SN16231.JPG',NULL,0),(1758,'AHM-SN16232','SPRA-BPTR',14,'2024-01-25',501.93,'AHM-SN16232.JPG',NULL,0),(1759,'AHM-SN16233','SPRA-BPTR',15,'2024-01-26',321.54,'AHM-SN16233.JPG',NULL,-1),(1760,'AHM-SN16234','SPRA-BPTR',16,'2024-01-27',691.82,'AHM-SN16234.JPG',NULL,-1),(1761,'AHM-SN16235','SPRA-BPTR',17,'2024-01-28',350.78,'AHM-SN16235.JPG',NULL,0),(1762,'AHM-SN16236','SPRA-BPTR',18,'2024-01-29',438.43,'AHM-SN16236.JPG',NULL,-1),(1763,'AHM-SN16237','SPRA-BPTR',1,'2024-01-30',673.19,'AHM-SN16237.JPG',NULL,-1),(1764,'AHM-SN16238','SPRA-BPTR',2,'2024-01-31',744.68,'AHM-SN16238.JPG',NULL,-1),(1765,'AHM-SN16239','SPRA-BPTR',3,'2024-02-01',890.17,'AHM-SN16239.JPG',NULL,0),(1766,'AHM-SN16240','SPRA-KNPS',4,'2024-02-02',311.18,'AHM-SN16240.JPG',NULL,0),(1767,'AHM-SN16241','SPRA-KNPS',5,'2024-02-03',600.89,'AHM-SN16241.JPG',NULL,-1),(1768,'AHM-SN16242','SPRA-KNPS',6,'2024-02-04',516.21,'AHM-SN16242.JPG',NULL,-1),(1769,'AHM-SN16243','SPRA-KNPS',7,'2024-02-05',800.00,'AHM-SN16243.JPG',NULL,-1),(1770,'AHM-SN16244','SPRA-KNPS',8,'2024-02-06',654.15,'AHM-SN16244.JPG',NULL,-1),(1771,'AHM-SN16245','SPRA-KNPS',9,'2024-02-07',728.85,'AHM-SN16245.JPG',NULL,-1),(1772,'AHM-SN16246','SPRA-KNPS',10,'2024-02-08',760.84,'AHM-SN16246.JPG',NULL,-1),(1773,'AHM-SN16247','SPRA-KNPS',11,'2024-02-09',696.36,'AHM-SN16247.JPG',NULL,-1),(1774,'AHM-SN16248','SPRA-KNPS',12,'2024-02-10',983.24,'AHM-SN16248.JPG',NULL,0),(1775,'AHM-SN16249','SPRA-KNPS',13,'2024-02-11',714.25,'AHM-SN16249.JPG',NULL,-1),(1776,'AHM-SN16250','SPRA-KNPS',14,'2024-02-12',221.56,'AHM-SN16250.JPG',NULL,-1),(1777,'AHM-SN16251','SPRA-KNPS',15,'2024-02-13',481.47,'AHM-SN16251.JPG',NULL,0),(1778,'AHM-SN16252','SPRA-KNPS',16,'2024-02-14',853.83,'AHM-SN16252.JPG',NULL,-1),(1779,'AHM-SN16253','SPRA-KNPS',17,'2024-02-15',189.58,'AHM-SN16253.JPG',NULL,-1),(1780,'AHM-SN16254','SPRA-KNPS',18,'2024-02-16',417.53,'AHM-SN16254.JPG',NULL,0),(1781,'AHM-SN16255','TELEH-25',1,'2024-02-17',826.91,'AHM-SN16255.JPG',NULL,0),(1782,'AHM-SN16256','TELEH-25',2,'2024-02-18',253.43,'AHM-SN16256.JPG',NULL,0),(1783,'AHM-SN16257','TELEH-25',3,'2024-02-19',973.03,'AHM-SN16257.JPG',NULL,0),(1784,'AHM-SN16258','TELEH-25',4,'2024-02-20',906.60,'AHM-SN16258.JPG',NULL,0),(1785,'AHM-SN16259','TELEH-25',5,'2024-02-21',368.17,'AHM-SN16259.JPG',NULL,0),(1786,'AHM-SN16260','TELEH-25',6,'2024-02-22',635.80,'AHM-SN16260.JPG',NULL,0),(1787,'AHM-SN16261','TELEH-25',7,'2024-02-23',666.74,'AHM-SN16261.JPG',NULL,-1),(1788,'AHM-SN16262','TELEH-25',8,'2024-02-24',645.76,'AHM-SN16262.JPG',NULL,0),(1789,'AHM-SN16263','TELEH-25',9,'2024-02-25',868.81,'AHM-SN16263.JPG',NULL,0),(1790,'AHM-SN16264','TELEH-25',10,'2024-02-26',795.62,'AHM-SN16264.JPG',NULL,0),(1791,'AHM-SN16265','TELEH-25',11,'2024-02-27',997.55,'AHM-SN16265.JPG',NULL,-1),(1792,'AHM-SN16266','TELEH-25',12,'2024-02-28',992.74,'AHM-SN16266.JPG',NULL,0),(1793,'AHM-SN16267','TELEH-25',13,'2024-02-29',884.23,'AHM-SN16267.JPG',NULL,-1),(1794,'AHM-SN16268','TELEH-25',14,'2024-03-01',665.73,'AHM-SN16268.JPG',NULL,-1),(1795,'AHM-SN16269','TELEH-25',15,'2024-03-02',190.79,'AHM-SN16269.JPG',NULL,0),(1796,'AHM-SN16270','TELEH-35',16,'2024-03-03',333.47,'AHM-SN16270.JPG',NULL,-1),(1797,'AHM-SN16271','TELEH-35',17,'2024-03-04',118.85,'AHM-SN16271.JPG',NULL,-1),(1798,'AHM-SN16272','TELEH-35',18,'2024-03-05',156.82,'AHM-SN16272.JPG',NULL,0),(1799,'AHM-SN16273','TELEH-35',1,'2024-03-06',110.06,'AHM-SN16273.JPG',NULL,-1),(1800,'AHM-SN16274','TELEH-35',2,'2024-03-07',679.66,'AHM-SN16274.JPG',NULL,0),(1801,'AHM-SN16275','TELEH-35',3,'2024-03-08',223.09,'AHM-SN16275.JPG',NULL,0),(1802,'AHM-SN16276','TELEH-35',4,'2024-03-09',821.73,'AHM-SN16276.JPG',NULL,-1),(1803,'AHM-SN16277','TELEH-35',5,'2024-03-10',105.08,'AHM-SN16277.JPG',NULL,-1),(1804,'AHM-SN16278','TELEH-35',6,'2024-03-11',900.93,'AHM-SN16278.JPG',NULL,0),(1805,'AHM-SN16279','TELEH-35',7,'2024-03-12',871.89,'AHM-SN16279.JPG',NULL,-1),(1806,'AHM-SN16280','TELEH-35',8,'2024-03-13',357.62,'AHM-SN16280.JPG',NULL,0),(1807,'AHM-SN16281','TELEH-35',9,'2024-03-14',747.68,'AHM-SN16281.JPG',NULL,-1),(1808,'AHM-SN16282','TELEH-35',10,'2024-03-15',187.29,'AHM-SN16282.JPG',NULL,-1),(1809,'AHM-SN16283','TELEH-35',11,'2024-03-16',429.42,'AHM-SN16283.JPG',NULL,0),(1810,'AHM-SN16284','TELEH-35',12,'2024-03-17',173.44,'AHM-SN16284.JPG',NULL,-1),(1811,'AHM-SN16285','TELEH-40',13,'2024-03-18',330.57,'AHM-SN16285.JPG',NULL,0),(1812,'AHM-SN16286','TELEH-40',14,'2024-03-19',219.87,'AHM-SN16286.JPG',NULL,-1),(1813,'AHM-SN16287','TELEH-40',15,'2024-03-20',302.32,'AHM-SN16287.JPG',NULL,0),(1814,'AHM-SN16288','TELEH-40',16,'2024-03-21',165.25,'AHM-SN16288.JPG',NULL,-1),(1815,'AHM-SN16289','TELEH-40',17,'2024-03-22',418.96,'AHM-SN16289.JPG',NULL,-1),(1816,'AHM-SN16290','TELEH-40',18,'2024-03-23',172.99,'AHM-SN16290.JPG',NULL,-1),(1817,'AHM-SN16291','TELEH-40',1,'2024-03-24',416.13,'AHM-SN16291.JPG',NULL,0),(1818,'AHM-SN16292','TELEH-40',2,'2024-03-25',949.52,'AHM-SN16292.JPG',NULL,-1),(1819,'AHM-SN16293','TELEH-40',3,'2024-03-26',795.77,'AHM-SN16293.JPG',NULL,-1),(1820,'AHM-SN16294','TELEH-40',4,'2024-03-27',273.85,'AHM-SN16294.JPG',NULL,-1),(1821,'AHM-SN16295','TELEH-40',5,'2024-03-28',741.17,'AHM-SN16295.JPG',NULL,0),(1822,'AHM-SN16296','TELEH-40',6,'2024-03-29',817.72,'AHM-SN16296.JPG',NULL,-1),(1823,'AHM-SN16297','TELEH-40',7,'2024-03-30',766.01,'AHM-SN16297.JPG',NULL,-1),(1824,'AHM-SN16298','TELEH-40',8,'2024-03-31',894.83,'AHM-SN16298.JPG',NULL,0),(1825,'AHM-SN16299','TELEH-40',9,'2024-04-01',207.62,'AHM-SN16299.JPG',NULL,0),(1826,'AHM-SN16300','TRAC-20HP',10,'2024-04-02',391.37,'AHM-SN16300.JPG',NULL,0),(1827,'AHM-SN16301','TRAC-20HP',11,'2024-04-03',167.35,'AHM-SN16301.JPG',NULL,0),(1828,'AHM-SN16302','TRAC-20HP',12,'2024-04-04',557.43,'AHM-SN16302.JPG',NULL,0),(1829,'AHM-SN16303','TRAC-20HP',13,'2024-04-05',985.04,'AHM-SN16303.JPG',NULL,0),(1830,'AHM-SN16304','TRAC-20HP',14,'2024-04-06',198.83,'AHM-SN16304.JPG',NULL,0),(1831,'AHM-SN16305','TRAC-20HP',15,'2024-04-07',312.38,'AHM-SN16305.JPG',NULL,0),(1832,'AHM-SN16306','TRAC-20HP',16,'2024-04-08',545.80,'AHM-SN16306.JPG',NULL,-1),(1833,'AHM-SN16307','TRAC-20HP',17,'2024-04-09',358.77,'AHM-SN16307.JPG',NULL,0),(1834,'AHM-SN16308','TRAC-20HP',18,'2024-04-10',104.39,'AHM-SN16308.JPG',NULL,0),(1835,'AHM-SN16309','TRAC-20HP',1,'2024-04-11',554.52,'AHM-SN16309.JPG',NULL,0),(1836,'AHM-SN16310','TRAC-20HP',2,'2024-04-12',596.44,'AHM-SN16310.JPG',NULL,0),(1837,'AHM-SN16311','TRAC-20HP',3,'2024-04-13',941.64,'AHM-SN16311.JPG',NULL,0),(1838,'AHM-SN16312','TRAC-20HP',4,'2024-04-14',823.27,'AHM-SN16312.JPG',NULL,0),(1839,'AHM-SN16313','TRAC-20HP',5,'2024-04-15',867.39,'AHM-SN16313.JPG',NULL,0),(1840,'AHM-SN16314','TRAC-20HP',6,'2024-04-16',970.93,'AHM-SN16314.JPG',NULL,-1),(1841,'AHM-SN16315','TRAC-30HP',7,'2024-04-17',741.10,'AHM-SN16315.JPG',NULL,-1),(1842,'AHM-SN16316','TRAC-30HP',8,'2024-04-18',842.52,'AHM-SN16316.JPG',NULL,0),(1843,'AHM-SN16317','TRAC-30HP',9,'2024-04-19',337.94,'AHM-SN16317.JPG',NULL,-1),(1844,'AHM-SN16318','TRAC-30HP',10,'2024-04-20',638.18,'AHM-SN16318.JPG',NULL,-1),(1845,'AHM-SN16319','TRAC-30HP',11,'2024-04-21',984.05,'AHM-SN16319.JPG',NULL,0),(1846,'AHM-SN16320','TRAC-30HP',12,'2024-04-22',353.35,'AHM-SN16320.JPG',NULL,0),(1847,'AHM-SN16321','TRAC-30HP',13,'2024-04-23',557.09,'AHM-SN16321.JPG',NULL,-1),(1848,'AHM-SN16322','TRAC-30HP',14,'2024-04-24',204.52,'AHM-SN16322.JPG',NULL,0),(1849,'AHM-SN16323','TRAC-30HP',15,'2024-04-25',672.15,'AHM-SN16323.JPG',NULL,-1),(1850,'AHM-SN16324','TRAC-30HP',16,'2024-04-26',130.21,'AHM-SN16324.JPG',NULL,-1),(1851,'AHM-SN16325','TRAC-30HP',17,'2024-04-27',924.57,'AHM-SN16325.JPG',NULL,0),(1852,'AHM-SN16326','TRAC-30HP',18,'2024-04-28',194.90,'AHM-SN16326.JPG',NULL,-1),(1853,'AHM-SN16327','TRAC-30HP',1,'2024-04-29',782.05,'AHM-SN16327.JPG',NULL,-1),(1854,'AHM-SN16328','TRAC-30HP',2,'2024-04-30',504.76,'AHM-SN16328.JPG',NULL,-1),(1855,'AHM-SN16329','TRAC-30HP',3,'2024-05-01',751.98,'AHM-SN16329.JPG',NULL,0),(1856,'AHM-SN16330','TRAC-45HP',4,'2024-05-02',744.88,'AHM-SN16330.JPG',NULL,-1),(1857,'AHM-SN16331','TRAC-45HP',5,'2024-05-03',184.91,'AHM-SN16331.JPG',NULL,-1),(1858,'AHM-SN16332','TRAC-45HP',6,'2024-05-04',409.32,'AHM-SN16332.JPG',NULL,-1),(1859,'AHM-SN16333','TRAC-45HP',7,'2024-05-05',712.97,'AHM-SN16333.JPG',NULL,0),(1860,'AHM-SN16334','TRAC-45HP',8,'2024-05-06',862.49,'AHM-SN16334.JPG',NULL,-1),(1861,'AHM-SN16335','TRAC-45HP',9,'2024-05-07',970.52,'AHM-SN16335.JPG',NULL,0),(1862,'AHM-SN16336','TRAC-45HP',10,'2024-05-08',777.45,'AHM-SN16336.JPG',NULL,-1),(1863,'AHM-SN16337','TRAC-45HP',11,'2024-05-09',636.87,'AHM-SN16337.JPG',NULL,0),(1864,'AHM-SN16338','TRAC-45HP',12,'2024-05-10',603.42,'AHM-SN16338.JPG',NULL,0),(1865,'AHM-SN16339','TRAC-45HP',13,'2024-05-11',333.12,'AHM-SN16339.JPG',NULL,0),(1866,'AHM-SN16340','TRAC-45HP',14,'2024-05-12',898.46,'AHM-SN16340.JPG',NULL,-1),(1867,'AHM-SN16341','TRAC-45HP',15,'2024-05-13',572.78,'AHM-SN16341.JPG',NULL,0),(1868,'AHM-SN16342','TRAC-45HP',16,'2024-05-14',996.62,'AHM-SN16342.JPG',NULL,-1),(1869,'AHM-SN16343','TRAC-45HP',17,'2024-05-15',280.73,'AHM-SN16343.JPG',NULL,-1),(1870,'AHM-SN16344','TRAC-45HP',18,'2024-05-16',864.34,'AHM-SN16344.JPG',NULL,-1);
/*!40000 ALTER TABLE `machine` ENABLE KEYS */;
UNLOCK TABLES;

--
-- Table structure for table `message`
--

DROP TABLE IF EXISTS `message`;
/*!40101 SET @saved_cs_client     = @@character_set_client */;
/*!50503 SET character_set_client = utf8mb4 */;
CREATE TABLE `message` (
  `message_id` int NOT NULL AUTO_INCREMENT,
  `customer_id` int NOT NULL,
  `store_id` int NOT NULL,
  `subject` varchar(255) NOT NULL,
  `content` text NOT NULL,
  `reply` text,
  `status` tinyint NOT NULL DEFAULT 1,
  `create_date` datetime NOT NULL,
  `reply_date` datetime DEFAULT NULL,
  PRIMARY KEY (`message_id`),
  KEY `customer_id` (`customer_id`),
  KEY `message_ibfk_2_idx` (`store_id`),
  CONSTRAINT `message_ibfk_1` FOREIGN KEY (`customer_id`) REFERENCES `customer` (`customer_id`) ON DELETE CASCADE ON UPDATE CASCADE,
  CONSTRAINT `message_ibfk_2` FOREIGN KEY (`store_id`) REFERENCES `store` (`store_id`) ON DELETE CASCADE ON UPDATE CASCADE
) ENGINE=InnoDB AUTO_INCREMENT=4 DEFAULT CHARSET=utf8mb4 COLLATE=utf8mb4_0900_ai_ci;
/*!40101 SET character_set_client = @saved_cs_client */;

--
-- Dumping data for table `message`
--

LOCK TABLES `message` WRITE;
/*!40000 ALTER TABLE `message` DISABLE KEYS */;
/*!40000 ALTER TABLE `message` ENABLE KEYS */;
UNLOCK TABLES;

--
-- Table structure for table `news`
--

DROP TABLE IF EXISTS `news`;
/*!40101 SET @saved_cs_client     = @@character_set_client */;
/*!50503 SET character_set_client = utf8mb4 */;
CREATE TABLE `news` (
  `news_id` int NOT NULL AUTO_INCREMENT,
  `store_id` int NOT NULL,
  `title` varchar(255) DEFAULT NULL,
  `content` text,
  `create_date` datetime DEFAULT NULL,
  `status` tinyint NOT NULL DEFAULT 1,
  PRIMARY KEY (`news_id`),
  KEY `news_ibfk_1_idx` (`store_id`),
  CONSTRAINT `news_ibfk_1` FOREIGN KEY (`store_id`) REFERENCES `store` (`store_id`) ON DELETE CASCADE ON UPDATE CASCADE
) ENGINE=InnoDB DEFAULT CHARSET=utf8mb4 COLLATE=utf8mb4_0900_ai_ci;
/*!40101 SET character_set_client = @saved_cs_client */;

--
-- Dumping data for table `news`
--

LOCK TABLES `news` WRITE;
/*!40000 ALTER TABLE `news` DISABLE KEYS */;
INSERT INTO `news` VALUES
(10001, 1, 'Launch of New Management System', 'AgriHire Solutions is excited to announce the launch of our new Equipment and Order Management System. This advanced platform replaces our old Excel and paper-based processes, featuring a user-friendly homepage for product showcasing, efficient order management, and seamless payment processing.', '2024-06-06 10:00:00', 1),(10002, 11, 'System Upgrade at Branch 2', 'Our Branch 2 has successfully transitioned to the new Equipment and Order Management System. This upgrade introduces enhanced inventory control, comprehensive reporting, and streamlined administrative functions to better serve our small scale farmers and lifestyle block owners.', '2024-06-07 09:30:00', 1),(10003, 13, 'Feedback Session Scheduled', 'We value your feedback! Join us at Branch 3 on July 1st for a session discussing our new Equipment and Order Management System. Share your thoughts on how we can further improve your experience.', '2024-06-08 14:00:00', 1),(10004, 1, 'Training Completed at Multiple Branches', 'Our teams at Branches 4, 5, and 6 have completed their training on the new Equipment and Order Management System. Equipped with knowledge and tools, they are ready to assist you with all your needs.', '2024-06-09 11:00:00', 1),(10005, 13, 'National Rollout Achieved', 'We are proud to announce that all 18 stores nationwide have now implemented our new Equipment and Order Management System. AgriHire Solutions is fully equipped to offer our customers an enhanced service experience.', '2024-06-10 08:00:00', 1);
/*!40000 ALTER TABLE `news` ENABLE KEYS */;
UNLOCK TABLES;

--
-- Table structure for table `notifications`
--

DROP TABLE IF EXISTS `notifications`;
/*!40101 SET @saved_cs_client     = @@character_set_client */;
/*!50503 SET character_set_client = utf8mb4 */;
CREATE TABLE `notifications` (
  `notifications_id` int NOT NULL AUTO_INCREMENT,
  `message_id` int NOT NULL,
  `store_id` int NOT NULL,
  `is_read` tinyint(1) NOT NULL,
  `create_date` datetime NOT NULL,
  PRIMARY KEY (`notifications_id`),
  KEY `message_id` (`message_id`),
  KEY `message_ibfk_2_idx` (`store_id`),
  CONSTRAINT `message_ibfk_2_idx` FOREIGN KEY (`store_id`) REFERENCES `store` (`store_id`) ON DELETE CASCADE ON UPDATE CASCADE,
  CONSTRAINT `notifications_ibfk_1` FOREIGN KEY (`message_id`) REFERENCES `message` (`message_id`) ON DELETE CASCADE ON UPDATE CASCADE
) ENGINE=InnoDB DEFAULT CHARSET=utf8mb4 COLLATE=utf8mb4_0900_ai_ci;
/*!40101 SET character_set_client = @saved_cs_client */;

--
-- Dumping data for table `notifications`
--

LOCK TABLES `notifications` WRITE;
/*!40000 ALTER TABLE `notifications` DISABLE KEYS */;
/*!40000 ALTER TABLE `notifications` ENABLE KEYS */;
UNLOCK TABLES;

--
-- Table structure for table `payment`
--

DROP TABLE IF EXISTS `payment`;
/*!40101 SET @saved_cs_client     = @@character_set_client */;
/*!50503 SET character_set_client = utf8mb4 */;
CREATE TABLE `payment` (
  `payment_id` int NOT NULL AUTO_INCREMENT,
  `booking_id` int NOT NULL,
  `create_date` datetime NOT NULL,
  `amount` decimal(10,2) NOT NULL,
  PRIMARY KEY (`payment_id`),
  KEY `payment_ibfk_1_idx` (`booking_id`),
  CONSTRAINT `payment_ibfk_1` FOREIGN KEY (`booking_id`) REFERENCES `booking` (`booking_id`)
) ENGINE=InnoDB AUTO_INCREMENT=156 DEFAULT CHARSET=utf8mb4 COLLATE=utf8mb4_0900_ai_ci;
/*!40101 SET character_set_client = @saved_cs_client */;

--
-- Dumping data for table `payment`
--

LOCK TABLES `payment` WRITE;
/*!40000 ALTER TABLE `payment` DISABLE KEYS */;
INSERT INTO `payment` VALUES (32,1001,'2024-03-01 09:10:00',180.00),(33,1002,'2024-03-02 09:10:00',180.00),(34,1003,'2024-03-03 09:10:00',180.00),(35,1004,'2024-03-04 09:10:00',180.00),(36,1005,'2024-03-05 09:10:00',180.00),(37,1006,'2024-03-06 09:10:00',180.00),(38,1007,'2024-03-07 09:10:00',180.00),(39,1008,'2024-03-08 09:10:00',180.00),(40,1009,'2024-03-09 09:10:00',180.00),(41,1010,'2024-03-10 09:10:00',180.00),(42,1011,'2024-03-11 09:10:00',180.00),(43,1012,'2024-03-12 09:10:00',180.00),(44,1013,'2024-03-13 09:10:00',25.00),(45,1014,'2024-03-14 09:10:00',25.00),(46,1015,'2024-03-15 09:10:00',180.00),(47,1016,'2024-03-16 09:10:00',25.00),(48,1017,'2024-03-17 09:10:00',25.00),(49,1018,'2024-03-18 09:10:00',25.00),(50,1019,'2024-03-19 09:10:00',25.00),(51,1020,'2024-03-20 09:10:00',180.00),(52,1021,'2024-03-21 09:10:00',25.00),(53,1022,'2024-03-22 09:10:00',25.00),(54,1023,'2024-03-23 09:10:00',25.00),(55,1024,'2024-03-24 09:10:00',25.00),(56,1025,'2024-03-25 09:10:00',180.00),(57,1026,'2024-03-26 09:10:00',30.00),(58,1027,'2024-03-27 09:10:00',30.00),(59,1028,'2024-03-28 09:10:00',30.00),(60,1029,'2024-03-29 09:10:00',30.00),(61,1030,'2024-03-30 09:10:00',25.00),(62,1031,'2024-03-31 09:10:00',30.00),(63,1032,'2024-04-01 09:10:00',30.00),(64,1033,'2024-04-02 09:10:00',30.00),(65,1034,'2024-04-03 09:10:00',30.00),(66,1035,'2024-04-04 09:10:00',25.00),(67,1036,'2024-04-05 09:10:00',30.00),(68,1037,'2024-04-06 09:10:00',30.00),(69,1038,'2024-04-07 09:10:00',18.00),(70,1039,'2024-04-08 09:10:00',18.00),(71,1040,'2024-04-09 09:10:00',25.00),(72,1041,'2024-04-10 09:10:00',18.00),(73,1042,'2024-04-11 09:10:00',18.00),(74,1043,'2024-04-12 09:10:00',18.00),(75,1044,'2024-04-13 09:10:00',18.00),(76,1045,'2024-04-14 09:10:00',25.00),(77,1046,'2024-04-15 09:10:00',18.00),(78,1047,'2024-04-16 09:10:00',18.00),(79,1048,'2024-04-17 09:10:00',18.00),(80,1049,'2024-04-18 09:10:00',18.00),(81,1050,'2024-04-19 09:10:00',25.00),(82,1051,'2024-04-20 09:10:00',18.00),(83,1052,'2024-04-21 09:10:00',18.00),(84,1053,'2024-04-22 09:10:00',18.00),(85,1054,'2024-04-23 09:10:00',18.00),(86,1055,'2024-04-24 09:10:00',30.00),(87,1056,'2024-04-25 09:10:00',18.00),(88,1057,'2024-04-26 09:10:00',18.00),(89,1058,'2024-04-27 09:10:00',18.00),(90,1059,'2024-04-28 09:10:00',18.00),(91,1060,'2024-04-29 09:10:00',30.00),(92,1061,'2024-04-30 09:10:00',18.00),(93,1062,'2024-05-01 09:10:00',18.00),(94,1063,'2024-05-02 09:10:00',20.00),(95,1064,'2024-05-03 09:10:00',20.00),(96,1065,'2024-05-04 09:10:00',30.00),(97,1066,'2024-05-05 09:10:00',20.00),(98,1067,'2024-05-06 09:10:00',20.00),(99,1068,'2024-05-07 09:10:00',20.00),(100,1069,'2024-05-08 09:10:00',20.00),(101,1070,'2024-05-09 09:10:00',30.00),(102,1071,'2024-05-10 09:10:00',20.00),(103,1072,'2024-05-11 09:10:00',20.00),(104,1073,'2024-05-12 09:10:00',20.00),(105,1074,'2024-05-13 09:10:00',20.00),(106,1075,'2024-05-14 09:10:00',30.00),(107,1076,'2024-05-15 09:10:00',500.00),(108,1077,'2024-05-16 09:10:00',500.00),(109,1078,'2024-05-17 09:10:00',500.00),(110,1079,'2024-05-18 09:10:00',500.00),(111,1080,'2024-05-19 09:10:00',18.00),(112,1081,'2024-05-20 09:10:00',500.00),(113,1082,'2024-05-21 09:10:00',500.00),(114,1083,'2024-05-22 09:10:00',500.00),(115,1084,'2024-05-23 09:10:00',500.00),(116,1085,'2024-05-24 09:10:00',18.00),(117,1086,'2024-05-25 09:10:00',500.00),(118,1087,'2024-05-26 09:10:00',500.00),(119,1088,'2024-05-27 09:10:00',90.00),(120,1089,'2024-05-28 09:10:00',90.00),(121,1090,'2024-05-29 09:10:00',18.00),(122,1091,'2024-05-30 09:10:00',90.00),(123,1092,'2024-05-31 09:10:00',90.00),(124,1093,'2024-06-01 09:10:00',90.00),(125,1094,'2024-06-02 09:10:00',90.00),(126,1095,'2024-06-03 09:10:00',18.00),(127,1096,'2024-06-04 09:10:00',90.00),(128,1097,'2024-06-05 09:10:00',90.00),(129,1098,'2024-06-06 09:10:00',90.00),(130,1099,'2024-06-07 09:10:00',90.00),(131,1100,'2024-06-08 09:10:00',18.00),(132,1101,'2024-06-09 09:10:00',100.00),(133,1102,'2024-06-10 09:10:00',100.00),(134,1103,'2024-06-11 09:10:00',100.00),(135,1104,'2024-06-12 09:10:00',100.00),(136,1105,'2024-06-13 09:10:00',18.00),(137,1106,'2024-05-14 09:10:00',100.00),(138,1107,'2024-05-15 09:10:00',100.00),(139,1108,'2024-05-16 09:10:00',100.00),(140,1109,'2024-05-17 09:10:00',100.00),(141,1110,'2024-05-18 09:10:00',18.00),(142,1111,'2024-05-19 09:10:00',100.00),(143,1112,'2024-05-20 09:10:00',100.00),(144,1113,'2024-05-21 09:10:00',30.00),(145,1114,'2024-05-22 09:10:00',30.00),(146,1115,'2024-05-23 09:10:00',18.00),(147,1116,'2024-05-24 09:10:00',30.00),(148,1117,'2024-05-25 09:10:00',30.00),(149,1118,'2024-05-26 09:10:00',30.00),(150,1119,'2024-05-27 09:10:00',30.00),(151,1120,'2024-05-28 09:10:00',18.00),(152,1121,'2024-05-29 09:10:00',30.00),(153,1122,'2024-05-30 09:10:00',30.00);
/*!40000 ALTER TABLE `payment` ENABLE KEYS */;
UNLOCK TABLES;

--
-- Table structure for table `product`
--

DROP TABLE IF EXISTS `product`;
/*!40101 SET @saved_cs_client     = @@character_set_client */;
/*!50503 SET character_set_client = utf8mb4 */;
CREATE TABLE `product` (
  `product_code` varchar(20) NOT NULL,
  `category_code` varchar(10) NOT NULL,
  `name` varchar(255) NOT NULL,
  `desc` text,
  `specs` text,
  `price_a` decimal(10,2) NOT NULL,
  `qty_break_a` int NOT NULL DEFAULT 0,
  `price_b` decimal(10,2) DEFAULT NULL,
  `qty_break_b` int DEFAULT 168,
  `price_c` decimal(10,2) DEFAULT NULL,
  `qty_break_c` int DEFAULT 600,
  `min_hire` int DEFAULT NULL,
  `max_hire` int DEFAULT NULL,
  `image` varchar(255) DEFAULT NULL,
  `status` tinyint NOT NULL DEFAULT 1,
  PRIMARY KEY (`product_code`),
  KEY `category_id` (`category_code`),
  CONSTRAINT `product_ibfk_1` FOREIGN KEY (`category_code`) REFERENCES `category` (`category_code`) ON DELETE RESTRICT ON UPDATE CASCADE
) ENGINE=InnoDB DEFAULT CHARSET=utf8mb4 COLLATE=utf8mb4_0900_ai_ci;
/*!40101 SET character_set_client = @saved_cs_client */;

--
-- Dumping data for table `product`
--

LOCK TABLES `product` WRITE;
/*!40000 ALTER TABLE `product` DISABLE KEYS */;
INSERT INTO `product` VALUES ('CHAIN-40HYD','CHAIN','Chainsaw - 400MM 16IN Hydraulic','This high powered hydraulic chainsaw is capable of cutting reinforced concrete to a maximum depth of 350mm. Makes flush cuts and square cutting easy and features a wet cutting system. ','Height 175mm * Length 950mm * Motor Hydraulic 40LPM * Oil Flow 40 Ltr/min * Weight 12.5kg (chainsaw) * Width 200mm',180.00,0,100.00,168,50.00,600,1,90,'Chainsaw - 400MM 16IN Hydraulic.jpg',1),('CHAIN-40PTR','CHAIN','Chainsaw - Petrol 400MM 16IN','Professional 2 stroke chainsaw with a powerful motor suitable for use in remote locations. Ideal for cutting firewood, tree lopping and trimming.','Height 175mm * Length 650mm * Motor Two-stroke, mix ratio 25:1 * Weight 9.8kg * Width 200mm',25.00,0,12.00,168,6.00,600,1,90,'Chainsaw - Petrol 400MM 16IN.jpg',1),('CHAIN-45PTR','CHAIN','Chainsaw - Petrol 450MM 18IN','Power through your outdoor tasks with a reliable battery chainsaw. Cordless convenience, eco-friendly performance, and long-lasting power make it your go-to tool for effortless cutting and pruning.','Bar Length 450 mm * Motor 2-Stroke fuel * Weight 7.5 kg',30.00,0,15.00,168,7.00,600,1,90,'Chainsaw - Petrol 450MM 18IN.jpg',1),('CMIX-BRW006','CMIX','Concrete Mixer - 0.06 cu.mtr (2 cu.ft) Barrow','A handy 240V electric powered concrete mixer ideal for smaller building projects. Can double as both a mixer and wheel barrow all in one with a 2 cu ft. capacity. Use on the stand provided or remove and use to mix and barrow the mixture into place.','Height 890mm off stand * Length 1211mm off stand * Weight 71.9kg* Width 597mm off stand',18.00,0,10.00,168,5.00,600,1,90,'Concrete Mixer - 0.06 cu.mtr (2 cu.ft) Barrow.jpg',1),('CMIX-PTR01','CMIX','Concrete Mixer - 0.1 cu.mtr (3 cu.ft) Petrol','A handy 4-Stroke petrol powered concrete mixer ideal for smaller building projects that is mounted on wheels for ease placement on site.','Weight 110kg',18.00,0,10.00,168,5.00,600,1,90,'Concrete Mixer - 0.1 cu.mtr (3 cu.ft) Petrol.jpg',1),('CMIX-PTR01T','CMIX','Concrete Mixer - 0.1 cu.mtr (3 cu.ft) Petrol Towable','A handy 4-Stroke petrol powered concrete mixer ideal for smaller building projects. Trailer mounted for easy transport to and from site.','Weight 179kg',20.00,0,9.00,168,4.00,600,1,90,'Concrete Mixer - 0.1 cu.mtr (3 cu.ft) Petrol Towable.jpg',1),('EXCV-30T','EXCV','Excavator 30 to 39 Tonne','Excellent larger sized machine in both standard and zero tail swing.;Suitable for all types of excavation. Fitted with dozer blade and a;range of buckets available, most unit have other attachment options;available including breakers, grab buckets and post hole borers.','Weigth 39000kg',500.00,0,200.00,168,100.00,600,1,90,'Excavator 30 to 39 Tonne.jpg',1),('EXCV-TOW','EXCV','Excavator Towable','For those smaller jobs or where site access is difficult. Requires;more than 2 tonne towing capacity vehicle. Excavator is supplied with;or without trailer and includes digging and cleaning buckets. In some;regions a clay digging bucket is included.','Weigth 1500kg',90.00,0,45.00,168,20.00,600,1,90,'Excavator Towable.jpg',1),('EXCV-TOWTS','EXCV','Excavator Towable Standard Tail Swing','Quiet and emission-free while still delivering a powerful performance, this eco-friendly excavator are perfect for your construction projects. Experience quiet operation, reduced running costs, and a cleaner environment.','Weigth 1800kg',100.00,0,50.00,168,20.00,600,1,90,'Excavator Towable Standard Tail Swing.jpg',1),('LAWN-CDLES','LAWN','Lawn Dethatcher Cordless','A light-weight battery-powered, cordless scarifier with a 2-in-1 function and easy blade shift. The easily adjusted working depth, together with a powerful engine, efficiently remove matted thatch and moss from the lawn.','Length 1070mm * Width 610mm * Height 1010mm * Weight 19.5kg * Cutting Width 375mm * Cutting Height 1mm',30.00,0,15.00,168,7.00,600,1,90,'Lawn Dethatcher Cordless.jpg',1),('LAWN-COPTR','LAWN','Lawn Corer - Petrol','This corer is self propelled, designed to allow air into the root system. This process helps with watering and fertilising to promote rejuvenation.','Length 1020mm * Width 736mm * Height 710mm * Weight 131kg * Coverage 600mm W x 75mm D * Fuel Petrol * Motor 4-Stroke Petrol 3.5 hp',35.00,0,15.00,168,7.00,600,1,90,'Lawn Corer - Petrol.jpg',1),('LAWN-LTRM','LAWN','Lawn Mower - Line Trimmer Package','A light and compact lawn mower and line trimmer in the one package for mowing lawns and trimming the lawn edges.','',18.00,0,8.00,168,5.00,600,1,90,'Lawn Mower - Line Trimmer Package.jpg',1),('POSTHD-1MPC','POSTHD','Post Hole Digger - 1 Man Petrol Cantilever','A tough, manoeuvrable, petrol powered tool for boring up to 360mm diameter holes for piers, fence and retaining wall posts, effortlessly with only one person.','Motor 9HP (7KW) Robin Subaru motor4 stroke petrol\nWeight 80kg ',30.00,0,15.00,168,7.00,600,1,90,'Post Hole Digger - 1 Man Petrol Cantilever.jpg',1),('POSTHD-1MS','POSTHD','Post Hole Digger - 1 Man Small','A light, hand held, petrol powered tool, ideal for boring up to 150mm diameter holes for fence post holes, planting shrubs or soil testing.','Operational Depth 600mm\nWeight 7kg ',25.00,0,10.00,168,5.00,600,1,90,'Post Hole Digger - 1 Man Small.jpg',1),('SPRA-ALSL','SPRA','Sprayer - Airless Large','This large airless sprayer is designed for efficient and even application of paint, stains, and other coatings. With a large capacity and adjustable pressure, it is ideal for both DIY and professional use.','Host Length 15mm * Weigth 35kg',60.00,0,30.00,168,15.00,600,1,90,'Sprayer - Airless Large.jpg',1),('SPRA-ALSPU','SPRA','Airless Spray Painting Unit','Used for applying paints over large areas inside and out. Advantages;of the airless unit is that you have less overspray and less refilling;due to the more economical application.','Weigth 14kg',10.00,0,7.00,168,5.00,600,1,90,'Airless Spray Painting Unit.jpg',1),('SPRA-BPTR','SPRA','Sprayer - Misting Backpack Petrol','A petrol powered backpack sprayer with an extensive coverage area for domestic & rural applications.','Length 980mm * Width 420mm * Height 620mm * Weigth 12.7kg',20.00,0,10.00,168,5.00,600,1,90,'Sprayer - Misting Backpack Petrol.jpg',1),('SPRA-KNPS','SPRA','Knapsack Sprayer','A lever pressurised back pack tank with domestic and rural applications including weed control.','Weigth 17kg',10.00,0,7.00,168,5.00,600,1,90,'Knapsack Sprayer.jpg',1),('TELEH-25','TELEH','Telehandler 2.5 Tonne/6.4m Lift ','Can be used with a variety of attachments including pallet forks,;crane jib or loader bucket. Telehandler is 4 wheel drive and 4 wheel;steer for working in confined areas.\"','Length 4905mm * Width 1984mm * Height 2096mm * Weigth 5350kg',110.00,0,75.00,168,50.00,600,1,90,'Telehandler 25.jpg',1),('TELEH-35','TELEH','Telehandler 3.5 Tonne/13.0m Lift','Can be used with a variety of attachments including pallet forks,;crane jib or loader bucket. Telehandler is 4 wheel drive and 4 wheel;steer for working in confined areas.\"','Length 5425mm * Width 2216mm * Height 2610mm * Weigth 8240kg',150.00,0,100.00,168,65.00,600,1,90,'Telehandler 35.jpg',1),('TELEH-40','TELEH','Telehandler 4.0 Tonne/17.0m Lift','Can be used with a variety of attachments including pallet forks,;crane jib or loader bucket. Telehandler is 4 wheel drive and 4 wheel;steer for working in confined areas.\"','Length 5790mm * Width 2400mm * Height 2510mm * Weigth 6000kg',200.00,0,150.00,168,80.00,600,1,90,'Telehandler 40.jpg',1),('TRAC-20HP','TRAC','Tractor - 20HP','General purpose tractor with applications that include aerating and topdressing with the appropriate attachments.','Length 2520mm * Width 1470mm * Height 2490mm * Weigth 875kg',75.00,0,30.00,168,15.00,600,1,90,'Tractor - 20HP.jpg',1),('TRAC-30HP','TRAC','Tractor Broom - 30HP','Road Sweeping unit ideal for road construction/ infrastructure project work.','Length 2640mm * Width 2130mm * Height 2150mm * Weigth 1560kg',150.00,0,75.00,168,35.00,600,1,90,'Tractor Broom - 30HP.jpg',1),('TRAC-45HP','TRAC','Tractor - 45HP','Heavy duty tractor with optional slasher attachment. Suitable for large areas of clearing and vegetation removal for farm and property use, as well as land and fire prevention preparation.','Length 1900mm * Width 1535mm * Height 2300mm * Weigth 1600kg',100.00,0,50.00,168,25.00,600,1,90,'Tractor - 45HP.jpg',1);
/*!40000 ALTER TABLE `product` ENABLE KEYS */;
UNLOCK TABLES;

--
-- Table structure for table `promo_product`
--

DROP TABLE IF EXISTS `promo_product`;
/*!40101 SET @saved_cs_client     = @@character_set_client */;
/*!50503 SET character_set_client = utf8mb4 */;
CREATE TABLE `promo_product` (
  `promo_code` varchar(20) NOT NULL,
  `product_code` varchar(20) NOT NULL,
  PRIMARY KEY (`promo_code`,`product_code`),
  KEY `promotion_id` (`promo_code`),
  KEY `product_id` (`product_code`),
  CONSTRAINT `promo_product_ibfk_1` FOREIGN KEY (`promo_code`) REFERENCES `promotion` (`promo_code`) ON DELETE CASCADE ON UPDATE CASCADE,
  CONSTRAINT `promo_product_ibfk_2` FOREIGN KEY (`product_code`) REFERENCES `product` (`product_code`) ON DELETE CASCADE ON UPDATE CASCADE
) ENGINE=InnoDB DEFAULT CHARSET=utf8mb4 COLLATE=utf8mb4_0900_ai_ci;
/*!40101 SET character_set_client = @saved_cs_client */;

--
-- Dumping data for table `promo_product`
--

LOCK TABLES `promo_product` WRITE;
/*!40000 ALTER TABLE `promo_product` DISABLE KEYS */;
INSERT INTO `promo_product` VALUES ('GIVEME5','EXCV-30T'),('GIVEME5','EXCV-TOW'),('GIVEME5','EXCV-TOWTS'),('MIDYEAR2024','CHAIN-40HYD'),('MIDYEAR2024','CHAIN-40PTR'),('MIDYEAR2024','CHAIN-45PTR'),('MIDYEAR2024','CMIX-BRW006'),('MIDYEAR2024','CMIX-PTR01'),('MIDYEAR2024','CMIX-PTR01T'),('MIDYEAR2024','EXCV-30T'),('MIDYEAR2024','EXCV-TOW'),('MIDYEAR2024','EXCV-TOWTS'),('MIDYEAR2024','LAWN-CDLES'),('MIDYEAR2024','LAWN-COPTR'),('MIDYEAR2024','LAWN-LTRM'),('MIDYEAR2024','POSTHD-1MPC'),('MIDYEAR2024','POSTHD-1MS'),('MIDYEAR2024','SPRA-ALSL'),('MIDYEAR2024','SPRA-ALSPU'),('MIDYEAR2024','SPRA-BPTR'),('MIDYEAR2024','SPRA-KNPS'),('MIDYEAR2024','TELEH-25'),('MIDYEAR2024','TELEH-35'),('MIDYEAR2024','TELEH-40'),('MIDYEAR2024','TRAC-20HP'),('MIDYEAR2024','TRAC-30HP'),('MIDYEAR2024','TRAC-45HP'),('PROMO-1001','CHAIN-45PTR'),('PROMO-1002','EXCV-TOW'),('PROMO-1003','LAWN-CDLES'),('PROMO-1005','CMIX-BRW006'),('PROMO-1006','TELEH-40'),('PROMO-1007','POSTHD-1MPC'),('PROMO-1008','SPRA-ALSPU'),('PROMO-1009','TRAC-20HP'),('WINTERCS50','CHAIN-40PTR');
/*!40000 ALTER TABLE `promo_product` ENABLE KEYS */;
UNLOCK TABLES;

--
-- Table structure for table `promotion`
--

DROP TABLE IF EXISTS `promotion`;
/*!40101 SET @saved_cs_client     = @@character_set_client */;
/*!50503 SET character_set_client = utf8mb4 */;
CREATE TABLE `promotion` (
  `promo_code` varchar(20) NOT NULL,
  `store_id` int NOT NULL,
  `disc_rate` decimal(5,2) NOT NULL,
  `start_date` datetime NOT NULL,
  `end_date` datetime NOT NULL,
  `name` varchar(255) DEFAULT NULL,
  `desc` text,
  `status` tinyint NOT NULL DEFAULT 1,
  PRIMARY KEY (`promo_code`),
  KEY `promotion_ibfk_1_idx` (`store_id`),
  CONSTRAINT `promotion_ibfk_1` FOREIGN KEY (`store_id`) REFERENCES `store` (`store_id`) ON DELETE CASCADE ON UPDATE CASCADE
) ENGINE=InnoDB DEFAULT CHARSET=utf8mb4 COLLATE=utf8mb4_0900_ai_ci;
/*!40101 SET character_set_client = @saved_cs_client */;

--
-- Dumping data for table `promotion`
--

LOCK TABLES `promotion` WRITE;
/*!40000 ALTER TABLE `promotion` DISABLE KEYS */;
INSERT INTO `promotion` VALUES ('GIVEME5',1,5.00,'2000-01-01 00:00:00','2099-12-31 23:59:59','Long Term Excavator Discount','Never miss 5% off on all Excavators! Use code GIVEME5',1),('MIDYEAR2024',1,20.00,'2024-06-01 00:00:00','2024-06-30 23:59:59','Mid-Year Sale','Mid year flash sale. Get 20% off all equipment! Enter promo code MIDYEAR2024 on checkout ',1),('PROMO-1001',1,20.00,'2024-06-02 00:00:00','2024-06-04 00:00:00',NULL,'Power through your outdoor tasks with a reliable battery chainsaw. Cordless convenience, eco-friendly performance, and long-lasting power make it your go-to tool for effortless cutting and pruning.',1),('PROMO-1002',1,10.00,'2024-06-02 00:00:00','2024-06-05 00:00:00',NULL,'For those smaller jobs or where site access is difficult. Requires;more than 2 tonne towing capacity vehicle. Excavator is supplied with;or without trailer and includes digging and cleaning buckets. In some;regions a clay digging bucket is included.',1),('PROMO-1003',1,5.00,'2024-06-03 00:00:00','2024-06-06 00:00:00',NULL,'A light-weight battery-powered, cordless scarifier with a 2-in-1 function and easy blade shift. The easily adjusted working depth, together with a powerful engine, efficiently remove matted thatch and moss from the lawn.',1),('PROMO-1005',11,10.00,'2024-06-03 00:00:00','2024-06-08 00:00:00',NULL,'A handy 240V electric powered concrete mixer ideal for smaller building projects. Can double as both a mixer and wheel barrow all in one with a 2 cu ft. capacity. Use on the stand provided or remove and use to mix and barrow the mixture into place.',1),('PROMO-1006',11,5.00,'2024-06-02 00:00:00','2024-06-07 00:00:00',NULL,'Can be used with a variety of attachments including pallet forks,;crane jib or loader bucket. Telehandler is 4 wheel drive and 4 wheel;steer for working in confined areas.',1),('PROMO-1007',13,20.00,'2024-06-01 00:00:00','2024-06-05 00:00:00',NULL,'A tough, manoeuvrable, petrol powered tool for boring up to 360mm diameter holes for piers, fence and retaining wall posts, effortlessly with only one person.',1),('PROMO-1008',13,10.00,'2024-06-02 00:00:00','2024-06-06 00:00:00',NULL,'Used for applying paints over large areas inside and out. Advantages;of the airless unit is that you have less overspray and less refilling;due to the more economical application.',1),('PROMO-1009',13,5.00,'2024-06-02 00:00:00','2024-06-12 00:00:00',NULL,'General purpose tractor with applications that include aerating and topdressing with the appropriate attachments.',1),('WINTERCS50',1,50.00,'2024-06-02 00:00:00','2024-07-15 23:59:59','Winter Chainsaw Mayhem','Limited time only! Get 50% off for this powerful chainsaw. Idea for cutting firewood, tree lopping and trimming in this Winter.',1);
/*!40000 ALTER TABLE `promotion` ENABLE KEYS */;
UNLOCK TABLES;

--
-- Table structure for table `service`
--

DROP TABLE IF EXISTS `service`;
/*!40101 SET @saved_cs_client     = @@character_set_client */;
/*!50503 SET character_set_client = utf8mb4 */;
CREATE TABLE `service` (
  `service_id` int NOT NULL AUTO_INCREMENT,
  `machine_id` int NOT NULL,
  `service_date` date NOT NULL,
  `service_name` varchar(255) NOT NULL,
  `note` text,
  PRIMARY KEY (`service_id`),
  KEY `machine_id` (`machine_id`),
  KEY `service_date` (`service_date` DESC),
  CONSTRAINT `service_ibfk_1` FOREIGN KEY (`machine_id`) REFERENCES `machine` (`machine_id`) ON DELETE RESTRICT ON UPDATE CASCADE
) ENGINE=InnoDB AUTO_INCREMENT=461 DEFAULT CHARSET=utf8mb4 COLLATE=utf8mb4_0900_ai_ci;
/*!40101 SET character_set_client = @saved_cs_client */;

--
-- Dumping data for table `service`
--

LOCK TABLES `service` WRITE;
/*!40000 ALTER TABLE `service` DISABLE KEYS */;
INSERT INTO `service` VALUES (101,1000,'2024-02-01','Annual Service','Replaced filter and oil'),(102,1001,'2024-02-02','Annual Service','Replaced filter and oil'),(103,1002,'2024-02-03','Annual Service','Replaced filter and oil'),(104,1003,'2024-02-04','Annual Service','Replaced filter and oil'),(105,1004,'2024-02-05','Annual Service','Replaced filter and oil'),(106,1005,'2024-02-06','Annual Service','Replaced filter and oil'),(107,1006,'2024-02-07','Annual Service','Replaced filter and oil'),(108,1007,'2024-02-08','Annual Service','Replaced filter and oil'),(109,1008,'2024-02-09','Annual Service','Replaced filter and oil'),(110,1009,'2024-02-10','Annual Service','Replaced filter and oil'),(111,1010,'2024-02-02','Annual Service','Replaced filter and oil'),(112,1011,'2024-02-03','Annual Service','Replaced filter and oil'),(113,1012,'2024-02-04','Annual Service','Replaced filter and oil'),(114,1013,'2024-02-05','Annual Service','Replaced filter and oil'),(115,1014,'2024-02-06','Annual Service','Replaced filter and oil'),(116,1015,'2024-02-07','Annual Service','Replaced filter and oil'),(117,1016,'2024-02-08','Annual Service','Replaced filter and oil'),(118,1017,'2024-02-09','Annual Service','Replaced filter and oil'),(119,1018,'2024-02-10','Annual Service','Replaced filter and oil'),(120,1019,'2024-02-11','Annual Service','Replaced filter and oil'),(121,1020,'2024-02-03','Annual Service','Replaced filter and oil'),(122,1021,'2024-02-04','Annual Service','Replaced filter and oil'),(123,1022,'2024-02-05','Annual Service','Replaced filter and oil'),(124,1023,'2024-02-06','Annual Service','Replaced filter and oil'),(125,1024,'2024-02-07','Annual Service','Replaced filter and oil'),(126,1025,'2024-02-08','Annual Service','Replaced filter and oil'),(127,1026,'2024-02-09','Annual Service','Replaced filter and oil'),(128,1027,'2024-02-10','Annual Service','Replaced filter and oil'),(129,1028,'2024-02-11','Annual Service','Replaced filter and oil'),(130,1029,'2024-02-12','Annual Service','Replaced filter and oil'),(131,1030,'2024-02-04','Annual Service','Replaced filter and oil'),(132,1031,'2024-02-05','Annual Service','Replaced filter and oil'),(133,1032,'2024-02-06','Annual Service','Replaced filter and oil'),(134,1033,'2024-02-07','Annual Service','Replaced filter and oil'),(135,1034,'2024-02-08','Annual Service','Replaced filter and oil'),(136,1035,'2024-02-09','Annual Service','Replaced filter and oil'),(137,1036,'2024-02-10','Annual Service','Replaced filter and oil'),(138,1037,'2024-02-11','Annual Service','Replaced filter and oil'),(139,1038,'2024-02-12','Annual Service','Replaced filter and oil'),(140,1039,'2024-02-13','Annual Service','Replaced filter and oil'),(141,1040,'2024-02-05','Annual Service','Replaced filter and oil'),(142,1041,'2024-02-06','Annual Service','Replaced filter and oil'),(143,1042,'2024-02-07','Annual Service','Replaced filter and oil'),(144,1043,'2024-02-08','Annual Service','Replaced filter and oil'),(145,1044,'2024-02-09','Annual Service','Replaced filter and oil'),(146,1045,'2024-02-10','Annual Service','Replaced filter and oil'),(147,1046,'2024-02-11','Annual Service','Replaced filter and oil'),(148,1047,'2024-02-12','Annual Service','Replaced filter and oil'),(149,1048,'2024-02-13','Annual Service','Replaced filter and oil'),(150,1049,'2024-02-14','Annual Service','Replaced filter and oil'),(151,1050,'2024-02-06','Annual Service','Replaced filter and oil'),(152,1051,'2024-02-07','Annual Service','Replaced filter and oil'),(153,1052,'2024-02-08','Annual Service','Replaced filter and oil'),(154,1053,'2024-02-09','Annual Service','Replaced filter and oil'),(155,1054,'2024-02-10','Annual Service','Replaced filter and oil'),(156,1055,'2024-02-11','Annual Service','Replaced filter and oil'),(157,1056,'2024-02-12','Annual Service','Replaced filter and oil'),(158,1057,'2024-02-13','Annual Service','Replaced filter and oil'),(159,1058,'2024-02-14','Annual Service','Replaced filter and oil'),(160,1059,'2024-02-15','Annual Service','Replaced filter and oil'),(161,1060,'2024-02-07','Annual Service','Replaced filter and oil'),(162,1061,'2024-02-08','Annual Service','Replaced filter and oil'),(163,1062,'2024-02-09','Annual Service','Replaced filter and oil'),(164,1063,'2024-02-10','Annual Service','Replaced filter and oil'),(165,1064,'2024-02-11','Annual Service','Replaced filter and oil'),(166,1065,'2024-02-12','Annual Service','Replaced filter and oil'),(167,1066,'2024-02-13','Annual Service','Replaced filter and oil'),(168,1067,'2024-02-14','Annual Service','Replaced filter and oil'),(169,1068,'2024-02-15','Annual Service','Replaced filter and oil'),(170,1069,'2024-02-16','Annual Service','Replaced filter and oil'),(171,1070,'2024-02-08','Annual Service','Replaced filter and oil'),(172,1071,'2024-02-09','Annual Service','Replaced filter and oil'),(173,1072,'2024-02-10','Annual Service','Replaced filter and oil'),(174,1073,'2024-02-11','Annual Service','Replaced filter and oil'),(175,1074,'2024-02-12','Annual Service','Replaced filter and oil'),(176,1075,'2024-02-13','Annual Service','Replaced filter and oil'),(177,1076,'2024-02-14','Annual Service','Replaced filter and oil'),(178,1077,'2024-02-15','Annual Service','Replaced filter and oil'),(179,1078,'2024-02-16','Annual Service','Replaced filter and oil'),(180,1079,'2024-02-17','Annual Service','Replaced filter and oil'),(181,1080,'2024-02-09','Annual Service','Replaced filter and oil'),(182,1081,'2024-02-10','Annual Service','Replaced filter and oil'),(183,1082,'2024-02-11','Annual Service','Replaced filter and oil'),(184,1083,'2024-02-12','Annual Service','Replaced filter and oil'),(185,1084,'2024-02-13','Annual Service','Replaced filter and oil'),(186,1085,'2024-02-14','Annual Service','Replaced filter and oil'),(187,1086,'2024-02-15','Annual Service','Replaced filter and oil'),(188,1087,'2024-02-16','Annual Service','Replaced filter and oil'),(189,1088,'2024-02-17','Annual Service','Replaced filter and oil'),(190,1089,'2024-02-18','Annual Service','Replaced filter and oil'),(191,1090,'2024-02-10','Annual Service','Replaced filter and oil'),(192,1091,'2024-02-11','Annual Service','Replaced filter and oil'),(193,1092,'2024-02-12','Annual Service','Replaced filter and oil'),(194,1093,'2024-02-13','Annual Service','Replaced filter and oil'),(195,1094,'2024-02-14','Annual Service','Replaced filter and oil'),(196,1095,'2024-02-15','Annual Service','Replaced filter and oil'),(197,1096,'2024-02-16','Annual Service','Replaced filter and oil'),(198,1097,'2024-02-17','Annual Service','Replaced filter and oil'),(199,1098,'2024-02-18','Annual Service','Replaced filter and oil'),(200,1099,'2024-02-19','Annual Service','Replaced filter and oil'),(201,1100,'2024-02-11','Annual Service','Replaced filter and oil'),(202,1101,'2024-02-12','Annual Service','Replaced filter and oil'),(203,1102,'2024-02-13','Annual Service','Replaced filter and oil'),(204,1103,'2024-02-14','Annual Service','Replaced filter and oil'),(205,1104,'2024-02-15','Annual Service','Replaced filter and oil'),(206,1105,'2024-02-16','Annual Service','Replaced filter and oil'),(207,1106,'2024-02-17','Annual Service','Replaced filter and oil'),(208,1107,'2024-02-18','Annual Service','Replaced filter and oil'),(209,1108,'2024-02-19','Annual Service','Replaced filter and oil'),(210,1109,'2024-02-20','Annual Service','Replaced filter and oil'),(211,1110,'2024-02-12','Annual Service','Replaced filter and oil'),(212,1111,'2024-02-13','Annual Service','Replaced filter and oil'),(213,1112,'2024-02-14','Annual Service','Replaced filter and oil'),(214,1113,'2024-02-15','Annual Service','Replaced filter and oil'),(215,1114,'2024-02-16','Annual Service','Replaced filter and oil'),(216,1115,'2024-02-17','Annual Service','Replaced filter and oil'),(217,1116,'2024-02-18','Annual Service','Replaced filter and oil'),(218,1117,'2024-02-19','Annual Service','Replaced filter and oil'),(219,1118,'2024-02-20','Annual Service','Replaced filter and oil'),(220,1119,'2024-02-21','Annual Service','Replaced filter and oil'),(221,1120,'2024-02-13','Annual Service','Replaced filter and oil'),(222,1121,'2024-02-14','Annual Service','Replaced filter and oil'),(223,1122,'2024-02-15','Annual Service','Replaced filter and oil'),(224,1123,'2024-02-16','Annual Service','Replaced filter and oil'),(225,1124,'2024-02-17','Annual Service','Replaced filter and oil'),(226,1125,'2024-02-18','Annual Service','Replaced filter and oil'),(227,1126,'2024-02-19','Annual Service','Replaced filter and oil'),(228,1127,'2024-02-20','Annual Service','Replaced filter and oil'),(229,1128,'2024-02-21','Annual Service','Replaced filter and oil'),(230,1129,'2024-02-22','Annual Service','Replaced filter and oil'),(231,1130,'2024-02-14','Annual Service','Replaced filter and oil'),(232,1131,'2024-02-15','Annual Service','Replaced filter and oil'),(233,1132,'2024-02-16','Annual Service','Replaced filter and oil'),(234,1133,'2024-02-17','Annual Service','Replaced filter and oil'),(235,1134,'2024-02-18','Annual Service','Replaced filter and oil'),(236,1135,'2024-02-19','Annual Service','Replaced filter and oil'),(237,1136,'2024-02-20','Annual Service','Replaced filter and oil'),(238,1137,'2024-02-21','Annual Service','Replaced filter and oil'),(239,1138,'2024-02-22','Annual Service','Replaced filter and oil'),(240,1139,'2024-02-23','Annual Service','Replaced filter and oil'),(241,1140,'2024-02-15','Annual Service','Replaced filter and oil'),(242,1141,'2024-02-16','Annual Service','Replaced filter and oil'),(243,1142,'2024-02-17','Annual Service','Replaced filter and oil'),(244,1143,'2024-02-18','Annual Service','Replaced filter and oil'),(245,1144,'2024-02-19','Annual Service','Replaced filter and oil'),(246,1145,'2024-02-20','Annual Service','Replaced filter and oil'),(247,1146,'2024-02-21','Annual Service','Replaced filter and oil'),(248,1147,'2024-02-22','Annual Service','Replaced filter and oil'),(249,1148,'2024-02-23','Annual Service','Replaced filter and oil'),(250,1149,'2024-02-24','Annual Service','Replaced filter and oil'),(251,1150,'2024-02-16','Annual Service','Replaced filter and oil'),(252,1151,'2024-02-17','Annual Service','Replaced filter and oil'),(253,1152,'2024-02-18','Annual Service','Replaced filter and oil'),(254,1153,'2024-02-19','Annual Service','Replaced filter and oil'),(255,1154,'2024-02-20','Annual Service','Replaced filter and oil'),(256,1155,'2024-02-21','Annual Service','Replaced filter and oil'),(257,1156,'2024-02-22','Annual Service','Replaced filter and oil'),(258,1157,'2024-02-23','Annual Service','Replaced filter and oil'),(259,1158,'2024-02-24','Annual Service','Replaced filter and oil'),(260,1159,'2024-02-25','Annual Service','Replaced filter and oil'),(261,1160,'2024-02-17','Annual Service','Replaced filter and oil'),(262,1161,'2024-02-18','Annual Service','Replaced filter and oil'),(263,1162,'2024-02-19','Annual Service','Replaced filter and oil'),(264,1163,'2024-02-20','Annual Service','Replaced filter and oil'),(265,1164,'2024-02-21','Annual Service','Replaced filter and oil'),(266,1165,'2024-02-22','Annual Service','Replaced filter and oil'),(267,1166,'2024-02-23','Annual Service','Replaced filter and oil'),(268,1167,'2024-02-24','Annual Service','Replaced filter and oil'),(269,1168,'2024-02-25','Annual Service','Replaced filter and oil'),(270,1169,'2024-02-26','Annual Service','Replaced filter and oil'),(271,1170,'2024-02-18','Annual Service','Replaced filter and oil'),(272,1171,'2024-02-19','Annual Service','Replaced filter and oil'),(273,1172,'2024-02-20','Annual Service','Replaced filter and oil'),(274,1173,'2024-02-21','Annual Service','Replaced filter and oil'),(275,1174,'2024-02-22','Annual Service','Replaced filter and oil'),(276,1175,'2024-02-23','Annual Service','Replaced filter and oil'),(277,1176,'2024-02-24','Annual Service','Replaced filter and oil'),(278,1177,'2024-02-25','Annual Service','Replaced filter and oil'),(279,1178,'2024-02-26','Annual Service','Replaced filter and oil'),(280,1179,'2024-02-27','Annual Service','Replaced filter and oil'),(281,1180,'2024-02-19','Annual Service','Replaced filter and oil'),(282,1181,'2024-02-20','Annual Service','Replaced filter and oil'),(283,1182,'2024-02-21','Annual Service','Replaced filter and oil'),(284,1183,'2024-02-22','Annual Service','Replaced filter and oil'),(285,1184,'2024-02-23','Annual Service','Replaced filter and oil'),(286,1185,'2024-02-24','Annual Service','Replaced filter and oil'),(287,1186,'2024-02-25','Annual Service','Replaced filter and oil'),(288,1187,'2024-02-26','Annual Service','Replaced filter and oil'),(289,1188,'2024-02-27','Annual Service','Replaced filter and oil'),(290,1189,'2024-02-28','Annual Service','Replaced filter and oil'),(291,1190,'2024-02-20','Annual Service','Replaced filter and oil'),(292,1191,'2024-02-21','Annual Service','Replaced filter and oil'),(293,1192,'2024-02-22','Annual Service','Replaced filter and oil'),(294,1193,'2024-02-23','Annual Service','Replaced filter and oil'),(295,1194,'2024-02-24','Annual Service','Replaced filter and oil'),(296,1195,'2024-02-25','Annual Service','Replaced filter and oil'),(297,1196,'2024-02-26','Annual Service','Replaced filter and oil'),(298,1197,'2024-02-27','Annual Service','Replaced filter and oil'),(299,1198,'2024-02-28','Annual Service','Replaced filter and oil'),(300,1199,'2024-02-29','Annual Service','Replaced filter and oil'),(301,1200,'2024-02-21','Annual Service','Replaced filter and oil'),(302,1201,'2024-02-22','Annual Service','Replaced filter and oil'),(303,1202,'2024-02-23','Annual Service','Replaced filter and oil'),(304,1203,'2024-02-24','Annual Service','Replaced filter and oil'),(305,1204,'2024-02-25','Annual Service','Replaced filter and oil'),(306,1205,'2024-02-26','Annual Service','Replaced filter and oil'),(307,1206,'2024-02-27','Annual Service','Replaced filter and oil'),(308,1207,'2024-02-28','Annual Service','Replaced filter and oil'),(309,1208,'2024-02-29','Annual Service','Replaced filter and oil'),(310,1209,'2024-03-01','Annual Service','Replaced filter and oil'),(311,1210,'2024-02-22','Annual Service','Replaced filter and oil'),(312,1211,'2024-02-23','Annual Service','Replaced filter and oil'),(313,1212,'2024-02-24','Annual Service','Replaced filter and oil'),(314,1213,'2024-02-25','Annual Service','Replaced filter and oil'),(315,1214,'2024-02-26','Annual Service','Replaced filter and oil'),(316,1215,'2024-02-27','Annual Service','Replaced filter and oil'),(317,1216,'2024-02-28','Annual Service','Replaced filter and oil'),(318,1217,'2024-02-29','Annual Service','Replaced filter and oil'),(319,1218,'2024-03-01','Annual Service','Replaced filter and oil'),(320,1219,'2024-03-02','Annual Service','Replaced filter and oil'),(321,1220,'2024-02-23','Annual Service','Replaced filter and oil'),(322,1221,'2024-02-24','Annual Service','Replaced filter and oil'),(323,1222,'2024-02-25','Annual Service','Replaced filter and oil'),(324,1223,'2024-02-26','Annual Service','Replaced filter and oil'),(325,1224,'2024-02-27','Annual Service','Replaced filter and oil'),(326,1225,'2024-02-28','Annual Service','Replaced filter and oil'),(327,1226,'2024-02-29','Annual Service','Replaced filter and oil'),(328,1227,'2024-03-01','Annual Service','Replaced filter and oil'),(329,1228,'2024-03-02','Annual Service','Replaced filter and oil'),(330,1229,'2024-03-03','Annual Service','Replaced filter and oil'),(331,1230,'2024-02-24','Annual Service','Replaced filter and oil'),(332,1231,'2024-02-25','Annual Service','Replaced filter and oil'),(333,1232,'2024-02-26','Annual Service','Replaced filter and oil'),(334,1233,'2024-02-27','Annual Service','Replaced filter and oil'),(335,1234,'2024-02-28','Annual Service','Replaced filter and oil'),(336,1235,'2024-02-29','Annual Service','Replaced filter and oil'),(337,1236,'2024-03-01','Annual Service','Replaced filter and oil'),(338,1237,'2024-03-02','Annual Service','Replaced filter and oil'),(339,1238,'2024-03-03','Annual Service','Replaced filter and oil'),(340,1239,'2024-03-04','Annual Service','Replaced filter and oil'),(341,1240,'2024-02-25','Annual Service','Replaced filter and oil'),(342,1241,'2024-02-26','Annual Service','Replaced filter and oil'),(343,1242,'2024-02-27','Annual Service','Replaced filter and oil'),(344,1243,'2024-02-28','Annual Service','Replaced filter and oil'),(345,1244,'2024-02-29','Annual Service','Replaced filter and oil'),(346,1245,'2024-03-01','Annual Service','Replaced filter and oil'),(347,1246,'2024-03-02','Annual Service','Replaced filter and oil'),(348,1247,'2024-03-03','Annual Service','Replaced filter and oil'),(349,1248,'2024-03-04','Annual Service','Replaced filter and oil'),(350,1249,'2024-03-05','Annual Service','Replaced filter and oil'),(351,1250,'2024-02-26','Annual Service','Replaced filter and oil'),(352,1251,'2024-02-27','Annual Service','Replaced filter and oil'),(353,1252,'2024-02-28','Annual Service','Replaced filter and oil'),(354,1253,'2024-02-29','Annual Service','Replaced filter and oil'),(355,1254,'2024-03-01','Annual Service','Replaced filter and oil'),(356,1255,'2024-03-02','Annual Service','Replaced filter and oil'),(357,1256,'2024-03-03','Annual Service','Replaced filter and oil'),(358,1257,'2024-03-04','Annual Service','Replaced filter and oil'),(359,1258,'2024-03-05','Annual Service','Replaced filter and oil'),(360,1259,'2024-03-06','Annual Service','Replaced filter and oil'),(361,1260,'2024-02-27','Annual Service','Replaced filter and oil'),(362,1261,'2024-02-28','Annual Service','Replaced filter and oil'),(363,1262,'2024-02-29','Annual Service','Replaced filter and oil'),(364,1263,'2024-03-01','Annual Service','Replaced filter and oil'),(365,1264,'2024-03-02','Annual Service','Replaced filter and oil'),(366,1265,'2024-03-03','Annual Service','Replaced filter and oil'),(367,1266,'2024-03-04','Annual Service','Replaced filter and oil'),(368,1267,'2024-03-05','Annual Service','Replaced filter and oil'),(369,1268,'2024-03-06','Annual Service','Replaced filter and oil'),(370,1269,'2024-03-07','Annual Service','Replaced filter and oil'),(371,1270,'2024-02-28','Annual Service','Replaced filter and oil'),(372,1271,'2024-02-29','Annual Service','Replaced filter and oil'),(373,1272,'2024-03-01','Annual Service','Replaced filter and oil'),(374,1273,'2024-03-02','Annual Service','Replaced filter and oil'),(375,1274,'2024-03-03','Annual Service','Replaced filter and oil'),(376,1275,'2024-03-04','Annual Service','Replaced filter and oil'),(377,1276,'2024-03-05','Annual Service','Replaced filter and oil'),(378,1277,'2024-03-06','Annual Service','Replaced filter and oil'),(379,1278,'2024-03-07','Annual Service','Replaced filter and oil'),(380,1279,'2024-03-08','Annual Service','Replaced filter and oil'),(381,1280,'2024-02-29','Annual Service','Replaced filter and oil'),(382,1281,'2024-03-01','Annual Service','Replaced filter and oil'),(383,1282,'2024-03-02','Annual Service','Replaced filter and oil'),(384,1283,'2024-03-03','Annual Service','Replaced filter and oil'),(385,1284,'2024-03-04','Annual Service','Replaced filter and oil'),(386,1285,'2024-03-05','Annual Service','Replaced filter and oil'),(387,1286,'2024-03-06','Annual Service','Replaced filter and oil'),(388,1287,'2024-03-07','Annual Service','Replaced filter and oil'),(389,1288,'2024-03-08','Annual Service','Replaced filter and oil'),(390,1289,'2024-03-09','Annual Service','Replaced filter and oil'),(391,1290,'2024-03-01','Annual Service','Replaced filter and oil'),(392,1291,'2024-03-02','Annual Service','Replaced filter and oil'),(393,1292,'2024-03-03','Annual Service','Replaced filter and oil'),(394,1293,'2024-03-04','Annual Service','Replaced filter and oil'),(395,1294,'2024-03-05','Annual Service','Replaced filter and oil'),(396,1295,'2024-03-06','Annual Service','Replaced filter and oil'),(397,1296,'2024-03-07','Annual Service','Replaced filter and oil'),(398,1297,'2024-03-08','Annual Service','Replaced filter and oil'),(399,1298,'2024-03-09','Annual Service','Replaced filter and oil'),(400,1299,'2024-03-10','Annual Service','Replaced filter and oil'),(401,1300,'2024-03-02','Annual Service','Replaced filter and oil'),(402,1301,'2024-03-03','Annual Service','Replaced filter and oil'),(403,1302,'2024-03-04','Annual Service','Replaced filter and oil'),(404,1303,'2024-03-05','Annual Service','Replaced filter and oil'),(405,1304,'2024-03-06','Annual Service','Replaced filter and oil'),(406,1305,'2024-03-07','Annual Service','Replaced filter and oil'),(407,1306,'2024-03-08','Annual Service','Replaced filter and oil'),(408,1307,'2024-03-09','Annual Service','Replaced filter and oil'),(409,1308,'2024-03-10','Annual Service','Replaced filter and oil'),(410,1309,'2024-03-11','Annual Service','Replaced filter and oil'),(411,1310,'2024-03-03','Annual Service','Replaced filter and oil'),(412,1311,'2024-03-04','Annual Service','Replaced filter and oil'),(413,1312,'2024-03-05','Annual Service','Replaced filter and oil'),(414,1313,'2024-03-06','Annual Service','Replaced filter and oil'),(415,1314,'2024-03-07','Annual Service','Replaced filter and oil'),(416,1315,'2024-03-08','Annual Service','Replaced filter and oil'),(417,1316,'2024-03-09','Annual Service','Replaced filter and oil'),(418,1317,'2024-03-10','Annual Service','Replaced filter and oil'),(419,1318,'2024-03-11','Annual Service','Replaced filter and oil'),(420,1319,'2024-03-12','Annual Service','Replaced filter and oil'),(421,1320,'2024-03-04','Annual Service','Replaced filter and oil'),(422,1321,'2024-03-05','Annual Service','Replaced filter and oil'),(423,1322,'2024-03-06','Annual Service','Replaced filter and oil'),(424,1323,'2024-03-07','Annual Service','Replaced filter and oil'),(425,1324,'2024-03-08','Annual Service','Replaced filter and oil'),(426,1325,'2024-03-09','Annual Service','Replaced filter and oil'),(427,1326,'2024-03-10','Annual Service','Replaced filter and oil'),(428,1327,'2024-03-11','Annual Service','Replaced filter and oil'),(429,1328,'2024-03-12','Annual Service','Replaced filter and oil'),(430,1329,'2024-03-13','Annual Service','Replaced filter and oil'),(431,1330,'2024-03-05','Annual Service','Replaced filter and oil'),(432,1331,'2024-03-06','Annual Service','Replaced filter and oil'),(433,1332,'2024-03-07','Annual Service','Replaced filter and oil'),(434,1333,'2024-03-08','Annual Service','Replaced filter and oil'),(435,1334,'2024-03-09','Annual Service','Replaced filter and oil'),(436,1335,'2024-03-10','Annual Service','Replaced filter and oil'),(437,1336,'2024-03-11','Annual Service','Replaced filter and oil'),(438,1337,'2024-03-12','Annual Service','Replaced filter and oil'),(439,1338,'2024-03-13','Annual Service','Replaced filter and oil'),(440,1339,'2024-03-14','Annual Service','Replaced filter and oil'),(441,1340,'2024-03-06','Annual Service','Replaced filter and oil'),(442,1341,'2024-03-07','Annual Service','Replaced filter and oil'),(443,1342,'2024-03-08','Annual Service','Replaced filter and oil'),(444,1343,'2024-03-09','Annual Service','Replaced filter and oil'),(445,1344,'2024-03-10','Annual Service','Replaced filter and oil'),(446,1345,'2024-03-11','Annual Service','Replaced filter and oil'),(447,1346,'2024-03-12','Annual Service','Replaced filter and oil'),(448,1347,'2024-03-13','Annual Service','Replaced filter and oil'),(449,1348,'2024-03-14','Annual Service','Replaced filter and oil'),(450,1349,'2024-03-15','Annual Service','Replaced filter and oil'),(451,1350,'2024-03-07','Annual Service','Replaced filter and oil'),(452,1351,'2024-03-08','Annual Service','Replaced filter and oil'),(453,1352,'2024-03-09','Annual Service','Replaced filter and oil'),(454,1353,'2024-03-10','Annual Service','Replaced filter and oil'),(455,1354,'2024-03-11','Annual Service','Replaced filter and oil'),(456,1355,'2024-03-12','Annual Service','Replaced filter and oil'),(457,1356,'2024-03-13','Annual Service','Replaced filter and oil'),(458,1357,'2024-03-14','Annual Service','Replaced filter and oil'),(459,1358,'2024-03-15','Annual Service','Replaced filter and oil'),(460,1359,'2024-03-16','Annual Service','Replaced filter and oil');
/*!40000 ALTER TABLE `service` ENABLE KEYS */;
UNLOCK TABLES;

--
-- Table structure for table `setting`
--

DROP TABLE IF EXISTS `setting`;
/*!40101 SET @saved_cs_client     = @@character_set_client */;
/*!50503 SET character_set_client = utf8mb4 */;
CREATE TABLE `setting` (
  `setting_id` int NOT NULL AUTO_INCREMENT,
  `setting_key` varchar(255) NOT NULL,
  `setting_value` varchar(255) NOT NULL,
  `desc` varchar(255) DEFAULT NULL,
  PRIMARY KEY (`setting_id`),
  UNIQUE KEY `setting_key_UNIQUE` (`setting_key`)
) ENGINE=InnoDB AUTO_INCREMENT=4 DEFAULT CHARSET=utf8mb4 COLLATE=utf8mb4_0900_ai_ci;
/*!40101 SET character_set_client = @saved_cs_client */;

--
-- Dumping data for table `setting`
--

LOCK TABLES `setting` WRITE;
/*!40000 ALTER TABLE `setting` DISABLE KEYS */;
INSERT INTO `setting` VALUES (1,'SHIP','50','standard shipping rate'),(2,'MIN_HIRE',1,'mininum hire period (days)'),(3,'MAX_HIRE','90','maximum hire period (days)');
/*!40000 ALTER TABLE `setting` ENABLE KEYS */;
UNLOCK TABLES;

--
-- Table structure for table `staff`
--

DROP TABLE IF EXISTS `staff`;
/*!40101 SET @saved_cs_client     = @@character_set_client */;
/*!50503 SET character_set_client = utf8mb4 */;
CREATE TABLE `staff` (
  `staff_id` int NOT NULL AUTO_INCREMENT,
  `user_id` int NOT NULL,
  `store_id` int DEFAULT NULL,
  `first_name` varchar(50) DEFAULT NULL,
  `last_name` varchar(50) NOT NULL,
  `position` varchar(255) DEFAULT NULL,
  `phone` varchar(20) DEFAULT NULL,
  PRIMARY KEY (`staff_id`),
  KEY `user_id` (`user_id`),
  KEY `store_id` (`store_id`),
  CONSTRAINT `staff_ibfk_1` FOREIGN KEY (`user_id`) REFERENCES `user` (`user_id`) ON DELETE RESTRICT ON UPDATE CASCADE,
  CONSTRAINT `staff_ibfk_2` FOREIGN KEY (`store_id`) REFERENCES `store` (`store_id`) ON DELETE RESTRICT ON UPDATE CASCADE
) ENGINE=InnoDB AUTO_INCREMENT=12 DEFAULT CHARSET=utf8mb4 COLLATE=utf8mb4_0900_ai_ci;
/*!40101 SET character_set_client = @saved_cs_client */;

--
-- Dumping data for table `staff`
--

LOCK TABLES `staff` WRITE;
/*!40000 ALTER TABLE `staff` DISABLE KEYS */;
INSERT INTO `staff` VALUES (1,6,1,'Sophia','Taylor','Store assistant ','09-415 6575'),(2,7,1,'Will','Smith','Store assistant ','09-415 6575'),(3,8,11,'Liz','Fraser','Store assistant ','03-349 7503'),(4,9,11,'Olivia','Johnson','Store assistant ','03-349 7503'),(5,10,13,'Dan','Martin','Store assistant ','04-569 7014'),(6,11,13,'Michael','Anderson','Store assistant ','04-569 7014'),(7,12,1,'Liam','Scott','Branch manager','09-415 6575'),(8,13,11,'Chris','Anderson','Branch manager','03-349 7503'),(9,14,13,'Emily','Wilson','Branch manager','04-569 7014'),(10,15,NULL,'Alex','McNeil','National manager','03-366 0385'),(11,16,NULL,'Dylan','Ellis','System admin','03-366 0385');
/*!40000 ALTER TABLE `staff` ENABLE KEYS */;
UNLOCK TABLES;

--
-- Table structure for table `store`
--

DROP TABLE IF EXISTS `store`;
/*!40101 SET @saved_cs_client     = @@character_set_client */;
/*!50503 SET character_set_client = utf8mb4 */;
CREATE TABLE `store` (
  `store_id` int NOT NULL AUTO_INCREMENT,
  `store_name` varchar(50) NOT NULL,
  `phone` varchar(20) DEFAULT NULL,
  `email` varchar(50) DEFAULT NULL,
  `address_line1` varchar(255) DEFAULT NULL,
  `address_line2` varchar(255) DEFAULT NULL,
  `suburb` varchar(50) DEFAULT NULL,
  `city` varchar(50) DEFAULT NULL,
  `post_code` varchar(10) DEFAULT NULL,
  `lng` decimal(9,6) DEFAULT NULL,
  `lat` decimal(8,6) DEFAULT NULL,
  `status` tinyint NOT NULL DEFAULT 1,
  `manager_id` int DEFAULT NULL,
  PRIMARY KEY (`store_id`),
  UNIQUE KEY `store_name_UNIQUE` (`store_name`),
  KEY `store_ibfk_1_idx` (`manager_id`),
  CONSTRAINT `store_ibfk_1` FOREIGN KEY (`manager_id`) REFERENCES `staff` (`staff_id`) ON DELETE RESTRICT ON UPDATE CASCADE
) ENGINE=InnoDB AUTO_INCREMENT=19 DEFAULT CHARSET=utf8mb4 COLLATE=utf8mb4_0900_ai_ci;
/*!40101 SET character_set_client = @saved_cs_client */;

--
-- Dumping data for table `store`
--

LOCK TABLES `store` WRITE;
/*!40000 ALTER TABLE `store` DISABLE KEYS */;
INSERT INTO `store` VALUES (1,'Albany','09-415 6575','albany@agrihire.nz','4 Cowley Place','','Albany','Auckland ','0632',174.718390,-36.741441,1,7),(2,'Blenheim','03-578 1111','blenheim@agrihire.nz','15 Redwood Street','','','Blenheim ','7201',173.960645,-41.515642,1,NULL),(3,'Christchurch City','03-366 0385','chchcity@agrihire.co.nz','488 Moorhouse Avenue','','Waltham','Christchurch ','8011',172.648973,-43.540134,1,NULL),(4,'Cromwell','03-445 0168','cromwell@agrihire.nz','147 McNulty Road','','','Cromwell ','9310',169.175979,-45.047980,1,NULL),(5,'Dunedin','03-471 9747','dunedin@agrihire.nz','66 Cumberland Street','','','Dunedin ','9016',170.502010,-45.884271,1,NULL),(6,'Frankton','07-846 6466','frankton@agrihire.nz','69-79 Kent Street','','Frankton','Hamilton ','3204',175.263640,-37.787549,1,NULL),(7,'Gisborne','06-867 9466','gisborne@agrihire.nz','429 Gladstone Road','','','Gisborne ','4010',178.016076,-38.658891,1,NULL),(8,'Gore','03-208 5033','gore@agrihire.nz','6 Hyde Street','','','Gore ','9710',168.943362,-46.105224,1,NULL),(9,'Grey Lynn','09 3764058','greylynn@agrihire.nz','238 Great North Road','',' Grey Lynn','Auckland ','1021',174.747175,-36.864434,1,NULL),(10,'Hastings','06-876 6339','hastings@agrihire.nz','Cnr Holt Place and St. Aubyn Street','','','Hastings ','4122',176.847712,-39.639470,1,NULL),(11,'Hornby','03-349 7503','hornby@agrihire.nz','41 Carmen Rd','','Hornby','Christchurch ','8042',172.526815,-43.540156,1,8),(12,'Invercargill','03-215 9053','invercargill@agrihire.nz','Cnr Bay and North Roads','','Grasmere','Invercargill ','9810',168.346997,-46.389370,1,NULL),(13,'Lower Hutt','04-569 7014','lowerhutt@agrihire.nz','415 Hutt Road','','Alicetown','Wellington ','5010',174.883404,-41.216468,1,9),(14,'Manukau','09-262 7007','manukau@agrihire.nz','131 Plunket Avenue','','Manukau','Auckland ','2104',174.868469,-36.999560,1,NULL),(15,'Nelson','03 5470735','nelson@agrihire.nz','110 Quarantine Road','','Stoke','Nelson','7011',173.239505,-41.299729,1,NULL),(16,'Queenstown','03-441 4600','queenstown@agrihire.nz','45 Glenda Drive','','Frankton','Queenstown ','9371',168.750722,-45.006833,1,NULL),(17,'Rotorua','07-348 8042','rotorua@agrihire.nz','59 Old Taupo Road','','Mangakakahi','Rotorua ','3015',176.232681,-38.129284,1,NULL),(18,'Timaru','03-683 9022','timaru@agrihire.nz','75-76 Hilton Highway','','Washdyke','Timaru ','7810',171.242850,-44.363170,1,NULL);
/*!40000 ALTER TABLE `store` ENABLE KEYS */;
UNLOCK TABLES;

--
-- Table structure for table `store_hour`
--

DROP TABLE IF EXISTS `store_hour`;
/*!40101 SET @saved_cs_client     = @@character_set_client */;
/*!50503 SET character_set_client = utf8mb4 */;
CREATE TABLE `store_hour` (
  `store_id` int NOT NULL,
  `week_day` int NOT NULL,
  `open_time` time NOT NULL,
  `close_time` time NOT NULL,
  PRIMARY KEY (`store_id`,`week_day`),
  CONSTRAINT `store_hour_ibfk_1` FOREIGN KEY (`store_id`) REFERENCES `store` (`store_id`) ON DELETE CASCADE ON UPDATE CASCADE
) ENGINE=InnoDB DEFAULT CHARSET=utf8mb4 COLLATE=utf8mb4_0900_ai_ci;
/*!40101 SET character_set_client = @saved_cs_client */;

--
-- Dumping data for table `store_hour`
--

LOCK TABLES `store_hour` WRITE;
/*!40000 ALTER TABLE `store_hour` DISABLE KEYS */;
/*!40000 ALTER TABLE `store_hour` ENABLE KEYS */;
UNLOCK TABLES;

--
-- Table structure for table `user`
--

DROP TABLE IF EXISTS `user`;
/*!40101 SET @saved_cs_client     = @@character_set_client */;
/*!50503 SET character_set_client = utf8mb4 */;
CREATE TABLE `user` (
  `user_id` int NOT NULL AUTO_INCREMENT,
  `email` varchar(50) NOT NULL,
  `password` varchar(255) NOT NULL,
  `role` enum('customer','staff','lmgr','nmgr','admin') NOT NULL,
  `is_active` tinyint NOT NULL DEFAULT 1,
  PRIMARY KEY (`user_id`),
  UNIQUE KEY `username_UNIQUE` (`email`)
) ENGINE=InnoDB AUTO_INCREMENT=20 DEFAULT CHARSET=utf8mb4 COLLATE=utf8mb4_0900_ai_ci;
/*!40101 SET character_set_client = @saved_cs_client */;

--
-- Dumping data for table `user`
--

LOCK TABLES `user` WRITE;
/*!40000 ALTER TABLE `user` DISABLE KEYS */;
INSERT INTO `user` VALUES (1,'cust1@email.com','$2b$12$jKWd4lQLw1V8fpEf5fmkVOxEzTtXRdzmpaz4EEmW3W/V0cy6/nVZq','customer',1),(2,'cust2@email.com','$2b$12$9x6mlJzLblSoniQ62ux9f.OcZREaJnzqxwSmtWled4gxEKZ9ISX1q','customer',1),(3,'cust3@email.com','$2b$12$Lu8nAUM/QTeEWx2xOD12seRnt5HB4JIWxJGchFtClSi12HM3ftqaK','customer',1),(4,'cust4@email.com','$2b$12$HEaoGygbDW3C9yajxyaxeulMiDIMKjr8UyWsIXH8U6Qql3Fegg1H.','customer',1),(5,'cust5@email.com','$2b$12$lxI7kzi3d9SBKYZqjteJp.0uBf87EsBx3G648UI25.arTvQXaTDXu','customer',1),(6,'staff1@agrihire.nz','$2b$12$rnhZke7A0MNwg8afTAhhte9RNuBYeKMihkPBFcAADk5h9JQn8qS1m','staff',1),(7,'staff2@agrihire.nz','$2b$12$VYi8olHN5Eap52CPv9GwR.2Swe1rPYC3vjhGTbSci7GfkGNedXTXK','staff',1),(8,'staff3@agrihire.nz','$2b$12$KA2aqmsDQPlfMDXux7npHOaPokbUfcnK2HOsWC928dJNwaYXAnAuq','staff',1),(9,'staff4@agrihire.nz','$2b$12$2JgUWoicVG0tV20EhfuzHeX1fLXKd/G.7W3OIJLx/1Kw2yXbrcPAa','staff',1),(10,'staff5@agrihire.nz','$2b$12$HClPAAFcoOz0tRTDTyQXSekBNGhdhpTJb1hnIC2mmvni/P39t5pdy','staff',1),(11,'staff6@agrihire.nz','$2b$12$YeipSpMH.NyxULUs4FV5mu48fbAM6Jz6X4F5DOFfSe3bEvyW128v.','staff',1),(12,'lmanager1@agrihire.nz','$2b$12$eh1niKMqhHOQHSVamFvw.uvakf1K9VQXghJMBKsXZ/WuKi16124.G','lmgr',1),(13,'lmanager2@agrihire.nz','$2b$12$3A8tJRcFuwbVqWGxQABV3OVqo1Q8OvMtK/wJx8ZePBR48IR1J8a4G','lmgr',1),(14,'lmanager3@agrihire.nz','$2b$12$l8Xx9myuXtdvPV7j.2S9pelsWYCqaUA2USXMpE85wyNmqDzlvEeyi','lmgr',1),(15,'nmanager1@agrihire.nz','$2b$12$mvYgl944nf2H2ViYVz8/YeKnfRRQYH8.V03Gj8gMkrk7is/nXIjLO','nmgr',1),(16,'admin1@agrihire.nz','$2b$12$cuIpgil4xlydUBHdHFzVWuIxW9bpTkCOTuMPxbTTzaAxyOlEzuWiK','admin',1),(19,'agrihire.aq@gmail.com','$2b$12$C60A1g0g8UKHndPC.z9l9uWsJfkMO0zEYXJJY9swm0Oi8P2gx7KLO','customer',1);
/*!40000 ALTER TABLE `user` ENABLE KEYS */;
UNLOCK TABLES;

DROP TABLE IF EXISTS `reset_tokens`;
CREATE TABLE `reset_tokens` (
        token VARCHAR(32) PRIMARY KEY,
        email VARCHAR(255) NOT NULL,
        expiry_time DOUBLE NOT NULL
    );

--
-- Dumping routines for database 'agrihire'
--
/*!50003 DROP PROCEDURE IF EXISTS `process_booking` */;
/*!50003 SET @saved_cs_client      = @@character_set_client */ ;
/*!50003 SET @saved_cs_results     = @@character_set_results */ ;
/*!50003 SET @saved_col_connection = @@collation_connection */ ;
/*!50003 SET character_set_client  = utf8mb3 */ ;
/*!50003 SET character_set_results = utf8mb3 */ ;
/*!50003 SET collation_connection  = utf8mb3_general_ci */ ;
/*!50003 SET @saved_sql_mode       = @@sql_mode */ ;
/*!50003 SET sql_mode              = 'NO_AUTO_VALUE_ON_ZERO' */ ;
DELIMITER ;;
CREATE DEFINER=`root`@`localhost` PROCEDURE `process_booking`(
    IN p_cart_id INT,
    IN p_customer_id INT,
    IN p_store_id INT,
    IN p_note TEXT,
    OUT p_booking_id INT
)
BEGIN
    DECLARE available_count INT;
    DECLARE cart_count INT;
    DECLARE line_num INT DEFAULT 0;

    -- Start the transaction
    START TRANSACTION;

    -- Check if all items in the cart are available
    SELECT COUNT(*) INTO available_count
    FROM (
        SELECT ci.product_code, ci.hire_from, ci.hire_to, ci.qty AS needed_qty, COUNT(m.machine_id) AS available_qty
        FROM cart_item ci
        LEFT JOIN machine m ON ci.product_code = m.product_code
        LEFT JOIN booking_item bi ON m.machine_id = bi.machine_id
            AND bi.hire_from < ci.hire_to AND bi.hire_to > ci.hire_from
        WHERE ci.cart_id = p_cart_id
            AND m.store_id = p_store_id
            AND bi.machine_id IS NULL
        GROUP BY ci.product_code, ci.hire_from, ci.hire_to
        HAVING available_qty >= needed_qty
    ) AS availability_check;

    -- Count the total items in the cart (considering qty)
    SELECT COUNT(*) INTO cart_count
    FROM cart_item
    WHERE cart_id = p_cart_id;

    IF available_count = cart_count THEN
        -- Create a new booking record with a placeholder total
        INSERT INTO booking (customer_id, store_id, create_date, note)
        VALUES (p_customer_id, p_store_id, NOW(), p_note);

        -- Get the last inserted booking ID
        SET p_booking_id = LAST_INSERT_ID();
        
        -- Initialize the line number
        SET @line_num = 0;

        -- Transfer items from cart to booking
        -- For each cart item, insert multiple booking items if qty > 1
        INSERT INTO booking_item (booking_id, machine_id, line_num, hire_rate, hire_from, hire_to)
        SELECT p_booking_id, machine_id, @line_num := @line_num + 1 AS line_num, hire_rate, hire_from, hire_to
        FROM (
            SELECT 
                ci.product_code, 
                m.machine_id, 
                ci.hire_rate * (1 - ci.disc_rate / 100) AS hire_rate,
                ci.hire_from, 
                ci.hire_to, 
                ci.qty,
                ROW_NUMBER() OVER (PARTITION BY ci.product_code ORDER BY ci.hire_from) AS row_num
            FROM 
                cart_item ci
            LEFT JOIN 
                machine m ON ci.product_code = m.product_code
            LEFT JOIN 
                booking_item bi ON m.machine_id = bi.machine_id
                    AND bi.hire_from < ci.hire_to 
                    AND bi.hire_to > ci.hire_from
            WHERE 
                ci.cart_id = p_cart_id
                AND m.store_id = p_store_id
                AND bi.machine_id IS NULL
        ) AS subquery
        WHERE 
            row_num <= qty;

        -- Calculate the booking total based on the days and update the booking
        UPDATE booking
        SET total = (
            SELECT SUM(CEIL(DATEDIFF(bi.hire_to, bi.hire_from)) * bi.hire_rate)
            FROM booking_item bi
            WHERE bi.booking_id = p_booking_id
        )
        WHERE booking_id = p_booking_id;

        -- Insert payment record
        INSERT INTO payment (booking_id, create_date, amount)
        SELECT p_booking_id, NOW(), total
        FROM booking
        WHERE booking_id = p_booking_id;

        -- Insert hire records

        INSERT INTO hire_record (booking_item_id)
        SELECT booking_item_id
        FROM booking_item
        WHERE booking_id = p_booking_id;

        -- Clear the cart_item and remove promo code
        DELETE FROM cart_item WHERE cart_id = p_cart_id;
        UPDATE cart SET promo_code = NULL WHERE cart_id = p_cart_id;

        -- Commit the transaction
        COMMIT;

    ELSE
        -- Rollback the transaction
        ROLLBACK;

        -- Set the booking ID to NULL to indicate failure
        SET p_booking_id = NULL;
    END IF;

END ;;
DELIMITER ;
/*!50003 SET sql_mode              = @saved_sql_mode */ ;
/*!50003 SET character_set_client  = @saved_cs_client */ ;
/*!50003 SET character_set_results = @saved_cs_results */ ;
/*!50003 SET collation_connection  = @saved_col_connection */ ;
/*!40103 SET TIME_ZONE=@OLD_TIME_ZONE */;

/*!40101 SET SQL_MODE=@OLD_SQL_MODE */;
/*!40014 SET FOREIGN_KEY_CHECKS=@OLD_FOREIGN_KEY_CHECKS */;
/*!40014 SET UNIQUE_CHECKS=@OLD_UNIQUE_CHECKS */;
/*!40101 SET CHARACTER_SET_CLIENT=@OLD_CHARACTER_SET_CLIENT */;
/*!40101 SET CHARACTER_SET_RESULTS=@OLD_CHARACTER_SET_RESULTS */;
/*!40101 SET COLLATION_CONNECTION=@OLD_COLLATION_CONNECTION */;
/*!40111 SET SQL_NOTES=@OLD_SQL_NOTES */;

-- Dump completed on 2024-06-11 22:26:25
